insert into commitment (id_commitment, quantity_commitment, price_commitment, id_quarter, id_product) values (1, 16, 84, 1, 1);
insert into commitment (id_commitment, quantity_commitment, price_commitment, id_quarter, id_product) values (2, 28, 97, 2, 2);
insert into commitment (id_commitment, quantity_commitment, price_commitment, id_quarter, id_product) values (3, 42, 87, 3, 3);
insert into commitment (id_commitment, quantity_commitment, price_commitment, id_quarter, id_product) values (4, 41, 78, 4, 4);
insert into commitment (id_commitment, quantity_commitment, price_commitment, id_quarter, id_product) values (5, 16, 11, 5, 5);
insert into commitment (id_commitment, quantity_commitment, price_commitment, id_quarter, id_product) values (6, 15, 11, 6, 6);
insert into commitment (id_commitment, quantity_commitment, price_commitment, id_quarter, id_product) values (7, 41, 50, 7, 7);
insert into commitment (id_commitment, quantity_commitment, price_commitment, id_quarter, id_product) values (8, 24, 28, 8, 8);
insert into commitment (id_commitment, quantity_commitment, price_commitment, id_quarter, id_product) values (9, 45, 92, 9, 9);
insert into commitment (id_commitment, quantity_commitment, price_commitment, id_quarter, id_product) values (10, 43, 94, 10, 10);
insert into commitment (id_commitment, quantity_commitment, price_commitment, id_quarter, id_product) values (11, 4, 13, 11, 11);
insert into commitment (id_commitment, quantity_commitment, price_commitment, id_quarter, id_product) values (12, 21, 34, 12, 12);
insert into commitment (id_commitment, quantity_commitment, price_commitment, id_quarter, id_product) values (13, 46, 33, 13, 13);
insert into commitment (id_commitment, quantity_commitment, price_commitment, id_quarter, id_product) values (14, 40, 98, 14, 14);
insert into commitment (id_commitment, quantity_commitment, price_commitment, id_quarter, id_product) values (15, 24, 21, 15, 15);
insert into commitment (id_commitment, quantity_commitment, price_commitment, id_quarter, id_product) values (16, 12, 14, 16, 16);
insert into commitment (id_commitment, quantity_commitment, price_commitment, id_quarter, id_product) values (17, 1, 88, 17, 17);
insert into commitment (id_commitment, quantity_commitment, price_commitment, id_quarter, id_product) values (18, 18, 30, 18, 18);
insert into commitment (id_commitment, quantity_commitment, price_commitment, id_quarter, id_product) values (19, 34, 80, 19, 19);
insert into commitment (id_commitment, quantity_commitment, price_commitment, id_quarter, id_product) values (20, 14, 19, 20, 20);
insert into commitment (id_commitment, quantity_commitment, price_commitment, id_quarter, id_product) values (21, 49, 17, 21, 21);
insert into commitment (id_commitment, quantity_commitment, price_commitment, id_quarter, id_product) values (22, 39, 13, 22, 22);
insert into commitment (id_commitment, quantity_commitment, price_commitment, id_quarter, id_product) values (23, 39, 54, 23, 23);
insert into commitment (id_commitment, quantity_commitment, price_commitment, id_quarter, id_product) values (24, 34, 89, 24, 24);
insert into commitment (id_commitment, quantity_commitment, price_commitment, id_quarter, id_product) values (25, 33, 75, 25, 25);
insert into commitment (id_commitment, quantity_commitment, price_commitment, id_quarter, id_product) values (26, 5, 100, 26, 26);
insert into commitment (id_commitment, quantity_commitment, price_commitment, id_quarter, id_product) values (27, 31, 65, 27, 27);
insert into commitment (id_commitment, quantity_commitment, price_commitment, id_quarter, id_product) values (28, 41, 81, 28, 28);
insert into commitment (id_commitment, quantity_commitment, price_commitment, id_quarter, id_product) values (29, 33, 32, 29, 29);
insert into commitment (id_commitment, quantity_commitment, price_commitment, id_quarter, id_product) values (30, 2, 62, 30, 30);
insert into commitment (id_commitment, quantity_commitment, price_commitment, id_quarter, id_product) values (31, 37, 32, 31, 31);
insert into commitment (id_commitment, quantity_commitment, price_commitment, id_quarter, id_product) values (32, 20, 11, 32, 32);
insert into commitment (id_commitment, quantity_commitment, price_commitment, id_quarter, id_product) values (33, 34, 11, 33, 33);
insert into commitment (id_commitment, quantity_commitment, price_commitment, id_quarter, id_product) values (34, 9, 25, 34, 34);
insert into commitment (id_commitment, quantity_commitment, price_commitment, id_quarter, id_product) values (35, 34, 13, 35, 35);
insert into commitment (id_commitment, quantity_commitment, price_commitment, id_quarter, id_product) values (36, 29, 94, 36, 36);
insert into commitment (id_commitment, quantity_commitment, price_commitment, id_quarter, id_product) values (37, 19, 28, 37, 37);
insert into commitment (id_commitment, quantity_commitment, price_commitment, id_quarter, id_product) values (38, 37, 67, 38, 38);
insert into commitment (id_commitment, quantity_commitment, price_commitment, id_quarter, id_product) values (39, 9, 68, 39, 39);
insert into commitment (id_commitment, quantity_commitment, price_commitment, id_quarter, id_product) values (40, 28, 29, 40, 40);
insert into commitment (id_commitment, quantity_commitment, price_commitment, id_quarter, id_product) values (41, 20, 44, 41, 41);
insert into commitment (id_commitment, quantity_commitment, price_commitment, id_quarter, id_product) values (42, 15, 33, 42, 42);
insert into commitment (id_commitment, quantity_commitment, price_commitment, id_quarter, id_product) values (43, 8, 55, 43, 43);
insert into commitment (id_commitment, quantity_commitment, price_commitment, id_quarter, id_product) values (44, 20, 79, 44, 44);
insert into commitment (id_commitment, quantity_commitment, price_commitment, id_quarter, id_product) values (45, 28, 44, 45, 45);
insert into commitment (id_commitment, quantity_commitment, price_commitment, id_quarter, id_product) values (46, 33, 89, 46, 46);
insert into commitment (id_commitment, quantity_commitment, price_commitment, id_quarter, id_product) values (47, 38, 30, 47, 47);
insert into commitment (id_commitment, quantity_commitment, price_commitment, id_quarter, id_product) values (48, 18, 44, 48, 48);
insert into commitment (id_commitment, quantity_commitment, price_commitment, id_quarter, id_product) values (49, 13, 70, 49, 49);
insert into commitment (id_commitment, quantity_commitment, price_commitment, id_quarter, id_product) values (50, 34, 31, 50, 50);
insert into commitment (id_commitment, quantity_commitment, price_commitment, id_quarter, id_product) values (51, 47, 48, 51, 51);
insert into commitment (id_commitment, quantity_commitment, price_commitment, id_quarter, id_product) values (52, 14, 56, 52, 52);
insert into commitment (id_commitment, quantity_commitment, price_commitment, id_quarter, id_product) values (53, 3, 10, 53, 53);
insert into commitment (id_commitment, quantity_commitment, price_commitment, id_quarter, id_product) values (54, 15, 70, 54, 54);
insert into commitment (id_commitment, quantity_commitment, price_commitment, id_quarter, id_product) values (55, 13, 22, 55, 55);
insert into commitment (id_commitment, quantity_commitment, price_commitment, id_quarter, id_product) values (56, 25, 81, 56, 56);
insert into commitment (id_commitment, quantity_commitment, price_commitment, id_quarter, id_product) values (57, 41, 70, 57, 57);
insert into commitment (id_commitment, quantity_commitment, price_commitment, id_quarter, id_product) values (58, 9, 12, 58, 58);
insert into commitment (id_commitment, quantity_commitment, price_commitment, id_quarter, id_product) values (59, 32, 51, 59, 59);
insert into commitment (id_commitment, quantity_commitment, price_commitment, id_quarter, id_product) values (60, 45, 66, 60, 60);
insert into commitment (id_commitment, quantity_commitment, price_commitment, id_quarter, id_product) values (61, 4, 97, 61, 61);
insert into commitment (id_commitment, quantity_commitment, price_commitment, id_quarter, id_product) values (62, 15, 98, 62, 62);
insert into commitment (id_commitment, quantity_commitment, price_commitment, id_quarter, id_product) values (63, 36, 88, 63, 63);
insert into commitment (id_commitment, quantity_commitment, price_commitment, id_quarter, id_product) values (64, 12, 22, 64, 64);
insert into commitment (id_commitment, quantity_commitment, price_commitment, id_quarter, id_product) values (65, 36, 12, 65, 65);
insert into commitment (id_commitment, quantity_commitment, price_commitment, id_quarter, id_product) values (66, 48, 10, 66, 66);
insert into commitment (id_commitment, quantity_commitment, price_commitment, id_quarter, id_product) values (67, 19, 96, 67, 67);
insert into commitment (id_commitment, quantity_commitment, price_commitment, id_quarter, id_product) values (68, 41, 34, 68, 68);
insert into commitment (id_commitment, quantity_commitment, price_commitment, id_quarter, id_product) values (69, 17, 34, 69, 69);
insert into commitment (id_commitment, quantity_commitment, price_commitment, id_quarter, id_product) values (70, 13, 81, 70, 70);
insert into commitment (id_commitment, quantity_commitment, price_commitment, id_quarter, id_product) values (71, 23, 71, 71, 71);
insert into commitment (id_commitment, quantity_commitment, price_commitment, id_quarter, id_product) values (72, 44, 80, 72, 72);
insert into commitment (id_commitment, quantity_commitment, price_commitment, id_quarter, id_product) values (73, 50, 77, 73, 73);
insert into commitment (id_commitment, quantity_commitment, price_commitment, id_quarter, id_product) values (74, 21, 43, 74, 74);
insert into commitment (id_commitment, quantity_commitment, price_commitment, id_quarter, id_product) values (75, 17, 24, 75, 75);
insert into commitment (id_commitment, quantity_commitment, price_commitment, id_quarter, id_product) values (76, 12, 44, 76, 76);
insert into commitment (id_commitment, quantity_commitment, price_commitment, id_quarter, id_product) values (77, 32, 58, 77, 77);
insert into commitment (id_commitment, quantity_commitment, price_commitment, id_quarter, id_product) values (78, 17, 85, 78, 78);
insert into commitment (id_commitment, quantity_commitment, price_commitment, id_quarter, id_product) values (79, 44, 23, 79, 79);
insert into commitment (id_commitment, quantity_commitment, price_commitment, id_quarter, id_product) values (80, 45, 35, 80, 80);
insert into commitment (id_commitment, quantity_commitment, price_commitment, id_quarter, id_product) values (81, 31, 54, 81, 81);
insert into commitment (id_commitment, quantity_commitment, price_commitment, id_quarter, id_product) values (82, 13, 13, 82, 82);
insert into commitment (id_commitment, quantity_commitment, price_commitment, id_quarter, id_product) values (83, 48, 33, 83, 83);
insert into commitment (id_commitment, quantity_commitment, price_commitment, id_quarter, id_product) values (84, 30, 38, 84, 84);
insert into commitment (id_commitment, quantity_commitment, price_commitment, id_quarter, id_product) values (85, 24, 17, 85, 85);
insert into commitment (id_commitment, quantity_commitment, price_commitment, id_quarter, id_product) values (86, 33, 62, 86, 86);
insert into commitment (id_commitment, quantity_commitment, price_commitment, id_quarter, id_product) values (87, 49, 39, 87, 87);
insert into commitment (id_commitment, quantity_commitment, price_commitment, id_quarter, id_product) values (88, 5, 89, 88, 88);
insert into commitment (id_commitment, quantity_commitment, price_commitment, id_quarter, id_product) values (89, 15, 87, 89, 89);
insert into commitment (id_commitment, quantity_commitment, price_commitment, id_quarter, id_product) values (90, 7, 77, 90, 90);
insert into commitment (id_commitment, quantity_commitment, price_commitment, id_quarter, id_product) values (91, 34, 40, 91, 91);
insert into commitment (id_commitment, quantity_commitment, price_commitment, id_quarter, id_product) values (92, 40, 37, 92, 92);
insert into commitment (id_commitment, quantity_commitment, price_commitment, id_quarter, id_product) values (93, 34, 84, 93, 93);
insert into commitment (id_commitment, quantity_commitment, price_commitment, id_quarter, id_product) values (94, 3, 69, 94, 94);
insert into commitment (id_commitment, quantity_commitment, price_commitment, id_quarter, id_product) values (95, 13, 59, 95, 95);
insert into commitment (id_commitment, quantity_commitment, price_commitment, id_quarter, id_product) values (96, 40, 87, 96, 96);
insert into commitment (id_commitment, quantity_commitment, price_commitment, id_quarter, id_product) values (97, 21, 95, 97, 97);
insert into commitment (id_commitment, quantity_commitment, price_commitment, id_quarter, id_product) values (98, 25, 50, 98, 98);
insert into commitment (id_commitment, quantity_commitment, price_commitment, id_quarter, id_product) values (99, 7, 91, 99, 99);
insert into commitment (id_commitment, quantity_commitment, price_commitment, id_quarter, id_product) values (100, 15, 17, 100, 100);
insert into distribution (id_distribution, address, distribution_start, distribution_end, id_quarter) values (1, '01 Golf Course Junction', '2023-09-21 10:22:01', '2023-09-13 18:23:26', 1);
insert into distribution (id_distribution, address, distribution_start, distribution_end, id_quarter) values (2, '2 Almo Park', '2023-09-21 10:30:36', '2023-10-18 20:35:25', 2);
insert into distribution (id_distribution, address, distribution_start, distribution_end, id_quarter) values (3, '76 Eastwood Terrace', '2023-07-07 15:52:48', '2023-03-04 00:13:52', 3);
insert into distribution (id_distribution, address, distribution_start, distribution_end, id_quarter) values (4, '68 Surrey Lane', '2023-02-01 16:56:32', '2022-12-19 06:03:46', 4);
insert into distribution (id_distribution, address, distribution_start, distribution_end, id_quarter) values (5, '49933 Mitchell Way', '2023-06-29 10:09:27', '2023-01-03 15:25:05', 5);
insert into distribution (id_distribution, address, distribution_start, distribution_end, id_quarter) values (6, '79 Gale Street', '2023-10-26 21:09:55', '2023-04-24 21:54:56', 6);
insert into distribution (id_distribution, address, distribution_start, distribution_end, id_quarter) values (7, '17489 Bultman Park', '2023-03-18 07:49:38', '2023-09-09 14:00:04', 7);
insert into distribution (id_distribution, address, distribution_start, distribution_end, id_quarter) values (8, '5 Elka Junction', '2022-12-02 22:18:16', '2023-07-06 22:19:58', 8);
insert into distribution (id_distribution, address, distribution_start, distribution_end, id_quarter) values (9, '870 Warner Parkway', '2023-09-22 14:08:08', '2023-04-14 19:19:31', 9);
insert into distribution (id_distribution, address, distribution_start, distribution_end, id_quarter) values (10, '556 Meadow Valley Trail', '2023-04-19 08:41:18', '2023-09-11 20:05:10', 10);
insert into distribution (id_distribution, address, distribution_start, distribution_end, id_quarter) values (11, '33 Banding Way', '2023-03-27 02:29:13', '2023-07-04 18:31:44', 11);
insert into distribution (id_distribution, address, distribution_start, distribution_end, id_quarter) values (12, '369 Glendale Road', '2022-12-01 19:12:58', '2023-06-06 20:50:06', 12);
insert into distribution (id_distribution, address, distribution_start, distribution_end, id_quarter) values (13, '3 Sage Junction', '2023-07-22 23:10:54', '2023-09-10 22:45:32', 13);
insert into distribution (id_distribution, address, distribution_start, distribution_end, id_quarter) values (14, '80 Blue Bill Park Road', '2023-02-22 15:30:26', '2023-03-06 10:01:52', 14);
insert into distribution (id_distribution, address, distribution_start, distribution_end, id_quarter) values (15, '26 Kinsman Court', '2023-03-30 15:22:53', '2023-06-01 17:02:58', 15);
insert into distribution (id_distribution, address, distribution_start, distribution_end, id_quarter) values (16, '84451 Schmedeman Point', '2023-10-21 06:11:43', '2023-11-19 05:29:34', 16);
insert into distribution (id_distribution, address, distribution_start, distribution_end, id_quarter) values (17, '6135 Sage Lane', '2023-10-09 11:34:12', '2023-01-18 23:39:09', 17);
insert into distribution (id_distribution, address, distribution_start, distribution_end, id_quarter) values (18, '3 Crescent Oaks Crossing', '2023-11-09 07:36:34', '2023-04-11 17:50:13', 18);
insert into distribution (id_distribution, address, distribution_start, distribution_end, id_quarter) values (19, '0 School Hill', '2023-03-06 19:34:48', '2023-07-19 20:05:33', 19);
insert into distribution (id_distribution, address, distribution_start, distribution_end, id_quarter) values (20, '75212 Hoffman Drive', '2022-12-06 03:43:31', '2023-01-22 05:42:03', 20);
insert into distribution (id_distribution, address, distribution_start, distribution_end, id_quarter) values (21, '43 Muir Avenue', '2023-10-08 08:05:54', '2023-07-10 13:26:09', 21);
insert into distribution (id_distribution, address, distribution_start, distribution_end, id_quarter) values (22, '95 Dwight Court', '2023-02-08 11:58:33', '2023-07-28 02:16:25', 22);
insert into distribution (id_distribution, address, distribution_start, distribution_end, id_quarter) values (23, '73 1st Alley', '2023-02-05 20:21:13', '2023-08-16 14:51:03', 23);
insert into distribution (id_distribution, address, distribution_start, distribution_end, id_quarter) values (24, '74075 Bellgrove Place', '2023-07-07 08:15:28', '2023-03-04 04:09:24', 24);
insert into distribution (id_distribution, address, distribution_start, distribution_end, id_quarter) values (25, '9553 Tennessee Avenue', '2023-01-28 03:32:16', '2023-01-15 11:27:43', 25);
insert into distribution (id_distribution, address, distribution_start, distribution_end, id_quarter) values (26, '73512 Jana Hill', '2022-12-08 20:02:58', '2023-07-14 03:13:08', 26);
insert into distribution (id_distribution, address, distribution_start, distribution_end, id_quarter) values (27, '07612 Westerfield Place', '2023-01-29 21:21:58', '2023-07-11 00:57:55', 27);
insert into distribution (id_distribution, address, distribution_start, distribution_end, id_quarter) values (28, '944 Almo Street', '2023-05-08 16:56:49', '2022-12-26 20:27:12', 28);
insert into distribution (id_distribution, address, distribution_start, distribution_end, id_quarter) values (29, '5 Holy Cross Street', '2022-12-13 14:28:24', '2023-11-28 14:52:09', 29);
insert into distribution (id_distribution, address, distribution_start, distribution_end, id_quarter) values (30, '9475 Sutherland Park', '2023-11-02 02:12:56', '2023-01-28 12:07:38', 30);
insert into distribution (id_distribution, address, distribution_start, distribution_end, id_quarter) values (31, '06 Colorado Pass', '2023-09-25 03:14:35', '2023-11-15 08:31:01', 31);
insert into distribution (id_distribution, address, distribution_start, distribution_end, id_quarter) values (32, '69081 Glendale Crossing', '2022-12-06 06:34:29', '2023-03-25 13:28:57', 32);
insert into distribution (id_distribution, address, distribution_start, distribution_end, id_quarter) values (33, '728 Grover Lane', '2022-12-16 02:12:49', '2023-01-07 10:28:14', 33);
insert into distribution (id_distribution, address, distribution_start, distribution_end, id_quarter) values (34, '3373 Hoffman Pass', '2023-10-11 08:47:27', '2023-02-11 16:00:49', 34);
insert into distribution (id_distribution, address, distribution_start, distribution_end, id_quarter) values (35, '08 Moland Hill', '2023-04-01 02:55:09', '2023-08-20 02:22:02', 35);
insert into distribution (id_distribution, address, distribution_start, distribution_end, id_quarter) values (36, '40 Parkside Lane', '2023-05-04 06:23:08', '2023-06-11 07:39:52', 36);
insert into distribution (id_distribution, address, distribution_start, distribution_end, id_quarter) values (37, '6 Bartelt Way', '2023-01-22 08:21:26', '2023-02-11 14:26:10', 37);
insert into distribution (id_distribution, address, distribution_start, distribution_end, id_quarter) values (38, '1 Luster Drive', '2022-12-13 23:07:13', '2023-04-26 04:00:37', 38);
insert into distribution (id_distribution, address, distribution_start, distribution_end, id_quarter) values (39, '4 Dapin Circle', '2023-06-18 08:29:58', '2023-11-28 14:41:04', 39);
insert into distribution (id_distribution, address, distribution_start, distribution_end, id_quarter) values (40, '8000 Talisman Center', '2023-07-29 19:59:43', '2023-02-17 23:38:04', 40);
insert into distribution (id_distribution, address, distribution_start, distribution_end, id_quarter) values (41, '7580 Corry Hill', '2022-12-21 09:06:30', '2023-04-19 16:45:00', 41);
insert into distribution (id_distribution, address, distribution_start, distribution_end, id_quarter) values (42, '08158 Superior Center', '2023-11-21 19:27:22', '2023-08-05 08:38:42', 42);
insert into distribution (id_distribution, address, distribution_start, distribution_end, id_quarter) values (43, '226 Schmedeman Plaza', '2023-11-28 18:04:11', '2023-06-23 06:30:45', 43);
insert into distribution (id_distribution, address, distribution_start, distribution_end, id_quarter) values (44, '8 Messerschmidt Trail', '2023-07-04 12:44:33', '2023-05-30 14:54:30', 44);
insert into distribution (id_distribution, address, distribution_start, distribution_end, id_quarter) values (45, '6 Basil Park', '2023-11-23 23:21:25', '2023-05-12 02:06:45', 45);
insert into distribution (id_distribution, address, distribution_start, distribution_end, id_quarter) values (46, '746 Lotheville Alley', '2023-10-17 14:01:15', '2023-11-15 20:36:08', 46);
insert into distribution (id_distribution, address, distribution_start, distribution_end, id_quarter) values (47, '2 Russell Alley', '2023-07-22 06:40:22', '2023-05-16 23:27:19', 47);
insert into distribution (id_distribution, address, distribution_start, distribution_end, id_quarter) values (48, '7226 Westerfield Parkway', '2023-10-22 08:46:11', '2023-09-06 04:49:03', 48);
insert into distribution (id_distribution, address, distribution_start, distribution_end, id_quarter) values (49, '552 Elgar Pass', '2022-12-26 08:44:11', '2023-11-01 22:29:23', 49);
insert into distribution (id_distribution, address, distribution_start, distribution_end, id_quarter) values (50, '7500 6th Place', '2023-03-18 11:02:15', '2022-12-23 12:37:32', 50);
insert into distribution (id_distribution, address, distribution_start, distribution_end, id_quarter) values (51, '4 Lakeland Center', '2023-01-27 04:23:59', '2023-04-22 07:20:29', 51);
insert into distribution (id_distribution, address, distribution_start, distribution_end, id_quarter) values (52, '9724 1st Point', '2023-07-07 03:42:48', '2023-06-23 06:18:24', 52);
insert into distribution (id_distribution, address, distribution_start, distribution_end, id_quarter) values (53, '423 Armistice Center', '2023-04-12 17:53:25', '2023-06-14 09:44:28', 53);
insert into distribution (id_distribution, address, distribution_start, distribution_end, id_quarter) values (54, '9032 Bluestem Plaza', '2023-07-25 06:10:14', '2023-02-02 19:22:00', 54);
insert into distribution (id_distribution, address, distribution_start, distribution_end, id_quarter) values (55, '958 Del Sol Circle', '2023-07-13 05:13:34', '2023-07-27 14:39:09', 55);
insert into distribution (id_distribution, address, distribution_start, distribution_end, id_quarter) values (56, '761 Jenna Pass', '2023-04-30 05:08:36', '2023-03-20 08:51:44', 56);
insert into distribution (id_distribution, address, distribution_start, distribution_end, id_quarter) values (57, '7276 Jana Junction', '2023-09-07 02:30:44', '2023-10-21 20:47:13', 57);
insert into distribution (id_distribution, address, distribution_start, distribution_end, id_quarter) values (58, '328 Parkside Center', '2023-03-11 03:41:33', '2023-09-19 10:32:01', 58);
insert into distribution (id_distribution, address, distribution_start, distribution_end, id_quarter) values (59, '628 Lunder Avenue', '2023-11-28 14:08:12', '2022-12-07 04:23:21', 59);
insert into distribution (id_distribution, address, distribution_start, distribution_end, id_quarter) values (60, '252 Surrey Road', '2023-08-19 03:46:58', '2023-09-20 03:01:29', 60);
insert into distribution (id_distribution, address, distribution_start, distribution_end, id_quarter) values (61, '3799 Parkside Street', '2023-09-18 08:25:43', '2023-04-19 15:11:25', 61);
insert into distribution (id_distribution, address, distribution_start, distribution_end, id_quarter) values (62, '1806 Del Sol Center', '2023-09-13 22:46:00', '2023-10-20 01:14:36', 62);
insert into distribution (id_distribution, address, distribution_start, distribution_end, id_quarter) values (63, '11 Onsgard Plaza', '2022-12-24 20:38:42', '2023-07-11 19:53:36', 63);
insert into distribution (id_distribution, address, distribution_start, distribution_end, id_quarter) values (64, '61 Schmedeman Pass', '2023-05-27 00:21:06', '2023-09-24 02:18:06', 64);
insert into distribution (id_distribution, address, distribution_start, distribution_end, id_quarter) values (65, '26826 Butterfield Parkway', '2023-05-14 15:18:06', '2023-08-10 04:17:55', 65);
insert into distribution (id_distribution, address, distribution_start, distribution_end, id_quarter) values (66, '1 Dunning Place', '2023-05-26 12:49:57', '2023-07-26 19:17:10', 66);
insert into distribution (id_distribution, address, distribution_start, distribution_end, id_quarter) values (67, '26 Magdeline Park', '2022-12-01 17:11:50', '2023-04-17 08:27:43', 67);
insert into distribution (id_distribution, address, distribution_start, distribution_end, id_quarter) values (68, '2 Knutson Alley', '2023-05-28 06:47:24', '2023-08-07 07:52:47', 68);
insert into distribution (id_distribution, address, distribution_start, distribution_end, id_quarter) values (69, '546 Elka Street', '2022-12-24 20:01:05', '2023-06-24 11:33:02', 69);
insert into distribution (id_distribution, address, distribution_start, distribution_end, id_quarter) values (70, '3310 Mayfield Center', '2023-09-05 13:33:58', '2023-04-26 06:28:16', 70);
insert into distribution (id_distribution, address, distribution_start, distribution_end, id_quarter) values (71, '1496 Esker Lane', '2023-05-16 11:43:50', '2023-03-26 15:20:56', 71);
insert into distribution (id_distribution, address, distribution_start, distribution_end, id_quarter) values (72, '05 Artisan Plaza', '2023-09-28 14:06:15', '2023-10-03 20:48:12', 72);
insert into distribution (id_distribution, address, distribution_start, distribution_end, id_quarter) values (73, '5 Artisan Hill', '2023-11-12 07:24:54', '2023-06-22 15:19:27', 73);
insert into distribution (id_distribution, address, distribution_start, distribution_end, id_quarter) values (74, '6718 Northfield Pass', '2022-12-13 09:16:43', '2023-06-25 11:56:22', 74);
insert into distribution (id_distribution, address, distribution_start, distribution_end, id_quarter) values (75, '35 Oak Valley Park', '2023-03-17 02:34:02', '2022-12-09 20:31:32', 75);
insert into distribution (id_distribution, address, distribution_start, distribution_end, id_quarter) values (76, '736 Kedzie Drive', '2023-01-28 19:06:49', '2023-06-30 06:28:36', 76);
insert into distribution (id_distribution, address, distribution_start, distribution_end, id_quarter) values (77, '2960 Chinook Junction', '2023-05-27 01:38:23', '2023-01-01 22:28:47', 77);
insert into distribution (id_distribution, address, distribution_start, distribution_end, id_quarter) values (78, '2775 Bultman Place', '2023-05-18 03:10:17', '2023-05-31 06:24:17', 78);
insert into distribution (id_distribution, address, distribution_start, distribution_end, id_quarter) values (79, '993 Eagan Alley', '2023-02-18 05:05:23', '2023-06-27 10:07:45', 79);
insert into distribution (id_distribution, address, distribution_start, distribution_end, id_quarter) values (80, '11 Mccormick Point', '2023-06-12 06:09:11', '2023-02-12 08:47:06', 80);
insert into distribution (id_distribution, address, distribution_start, distribution_end, id_quarter) values (81, '95933 Service Hill', '2023-08-11 04:23:07', '2022-12-25 00:30:54', 81);
insert into distribution (id_distribution, address, distribution_start, distribution_end, id_quarter) values (82, '6914 Moland Plaza', '2023-07-31 18:12:49', '2023-03-26 11:13:53', 82);
insert into distribution (id_distribution, address, distribution_start, distribution_end, id_quarter) values (83, '521 Monica Plaza', '2023-05-03 23:14:18', '2023-05-26 09:29:10', 83);
insert into distribution (id_distribution, address, distribution_start, distribution_end, id_quarter) values (84, '1031 Crownhardt Junction', '2023-05-24 21:57:18', '2023-08-21 17:03:43', 84);
insert into distribution (id_distribution, address, distribution_start, distribution_end, id_quarter) values (85, '25501 Lakeland Court', '2023-10-30 14:07:27', '2022-12-15 11:42:30', 85);
insert into distribution (id_distribution, address, distribution_start, distribution_end, id_quarter) values (86, '0 Sutteridge Crossing', '2022-12-28 09:02:12', '2023-07-20 19:29:05', 86);
insert into distribution (id_distribution, address, distribution_start, distribution_end, id_quarter) values (87, '85128 Badeau Pass', '2023-07-06 21:15:00', '2023-04-09 00:16:54', 87);
insert into distribution (id_distribution, address, distribution_start, distribution_end, id_quarter) values (88, '25842 Hovde Trail', '2023-05-15 22:17:53', '2023-05-09 22:20:13', 88);
insert into distribution (id_distribution, address, distribution_start, distribution_end, id_quarter) values (89, '68376 Oak Valley Circle', '2022-12-21 06:33:46', '2023-10-26 16:49:04', 89);
insert into distribution (id_distribution, address, distribution_start, distribution_end, id_quarter) values (90, '7 Hermina Crossing', '2023-10-31 21:12:10', '2023-03-25 02:34:39', 90);
insert into distribution (id_distribution, address, distribution_start, distribution_end, id_quarter) values (91, '9360 Bayside Terrace', '2023-04-20 12:08:40', '2023-01-14 05:46:55', 91);
insert into distribution (id_distribution, address, distribution_start, distribution_end, id_quarter) values (92, '15378 Monterey Avenue', '2023-11-22 17:26:30', '2023-11-08 01:44:39', 92);
insert into distribution (id_distribution, address, distribution_start, distribution_end, id_quarter) values (93, '8569 Thierer Drive', '2023-09-23 00:10:58', '2023-04-12 17:08:58', 93);
insert into distribution (id_distribution, address, distribution_start, distribution_end, id_quarter) values (94, '79373 Kings Lane', '2022-12-13 00:46:14', '2022-12-21 14:58:59', 94);
insert into distribution (id_distribution, address, distribution_start, distribution_end, id_quarter) values (95, '642 Delaware Hill', '2023-10-04 09:42:47', '2023-11-04 17:11:39', 95);
insert into distribution (id_distribution, address, distribution_start, distribution_end, id_quarter) values (96, '837 Kipling Parkway', '2023-03-16 15:30:58', '2023-09-03 06:46:31', 96);
insert into distribution (id_distribution, address, distribution_start, distribution_end, id_quarter) values (97, '81100 Blue Bill Park Lane', '2023-03-08 21:28:02', '2023-09-07 22:59:34', 97);
insert into distribution (id_distribution, address, distribution_start, distribution_end, id_quarter) values (98, '3 Bultman Lane', '2023-06-05 04:01:28', '2023-07-14 18:06:42', 98);
insert into distribution (id_distribution, address, distribution_start, distribution_end, id_quarter) values (99, '51 Delaware Circle', '2023-06-22 11:10:13', '2023-04-07 02:25:08', 99);
insert into distribution (id_distribution, address, distribution_start, distribution_end, id_quarter) values (100, '23 Corben Lane', '2023-03-01 08:06:00', '2023-03-13 02:30:09', 100);
insert into producer (id_producer, producer_name, id_person) values (1, 'Wilkinson Inc', 63);
insert into producer (id_producer, producer_name, id_person) values (2, 'Kerluke-Heidenreich', 57);
insert into producer (id_producer, producer_name, id_person) values (3, 'Armstrong, Jacobi and Wilderman', 69);
insert into producer (id_producer, producer_name, id_person) values (4, 'Stokes Group', 67);
insert into producer (id_producer, producer_name, id_person) values (5, 'Bogan LLC', 49);
insert into producer (id_producer, producer_name, id_person) values (6, 'Conn, Hyatt and Raynor', 74);
insert into producer (id_producer, producer_name, id_person) values (7, 'Ortiz, Hammes and Johnston', 71);
insert into producer (id_producer, producer_name, id_person) values (8, 'Mertz, Kohler and Hagenes', 32);
insert into producer (id_producer, producer_name, id_person) values (9, 'Kulas-Beier', 97);
insert into producer (id_producer, producer_name, id_person) values (10, 'Willms and Sons', 16);
insert into producer (id_producer, producer_name, id_person) values (11, 'Heathcote-Purdy', 68);
insert into producer (id_producer, producer_name, id_person) values (12, 'Heller and Sons', 8);
insert into producer (id_producer, producer_name, id_person) values (13, 'Ortiz-Koepp', 43);
insert into producer (id_producer, producer_name, id_person) values (14, 'Torp LLC', 13);
insert into producer (id_producer, producer_name, id_person) values (15, 'Beer, Fahey and Hirthe', 78);
insert into producer (id_producer, producer_name, id_person) values (16, 'Thompson Inc', 82);
insert into producer (id_producer, producer_name, id_person) values (17, 'Lemke-VonRueden', 84);
insert into producer (id_producer, producer_name, id_person) values (18, 'Ratke, Gutkowski and Kshlerin', 48);
insert into producer (id_producer, producer_name, id_person) values (19, 'Rosenbaum, McClure and Morissette', 83);
insert into producer (id_producer, producer_name, id_person) values (20, 'Bartoletti Group', 54);
insert into product (id_product, product_name, id_producer) values (1, 'Radish - Pickled', 83);
insert into product (id_product, product_name, id_producer) values (2, 'Appetizer - Chicken Satay', 83);
insert into product (id_product, product_name, id_producer) values (3, 'Crackers - Soda / Saltins', 83);
insert into product (id_product, product_name, id_producer) values (4, 'Water - Mineral, Carbonated', 83);
insert into product (id_product, product_name, id_producer) values (5, 'Turkey - Breast, Smoked', 83);
insert into product (id_product, product_name, id_producer) values (6, 'Island Oasis - Raspberry', 83);
insert into product (id_product, product_name, id_producer) values (7, 'Onions - Spanish', 83);
insert into product (id_product, product_name, id_producer) values (8, 'Asparagus - White, Fresh', 83);
insert into product (id_product, product_name, id_producer) values (9, 'Salmon Steak - Cohoe 6 Oz', 83);
insert into product (id_product, product_name, id_producer) values (10, 'V8 Splash Strawberry Kiwi', 83);
insert into product (id_product, product_name, id_producer) values (11, 'Wine - Montecillo Rioja Crianza', 83);
insert into product (id_product, product_name, id_producer) values (12, 'Pasta - Fettuccine, Dry', 83);
insert into product (id_product, product_name, id_producer) values (13, 'Cookies - Assorted', 83);
insert into product (id_product, product_name, id_producer) values (14, 'Syrup - Monin, Swiss Choclate', 83);
insert into product (id_product, product_name, id_producer) values (15, 'Muffins - Assorted', 83);
insert into product (id_product, product_name, id_producer) values (16, 'Pur Source', 71);
insert into product (id_product, product_name, id_producer) values (17, 'Soup Campbells Split Pea And Ham', 71);
insert into product (id_product, product_name, id_producer) values (18, 'Pepper - Paprika, Hungarian', 71);
insert into product (id_product, product_name, id_producer) values (19, 'Veal - Nuckle', 71);
insert into product (id_product, product_name, id_producer) values (20, 'Bagel - Whole White Sesame', 71);
insert into product (id_product, product_name, id_producer) values (21, 'Bandage - Fexible 1x3', 71);
insert into product (id_product, product_name, id_producer) values (22, 'Venison - Striploin', 71);
insert into product (id_product, product_name, id_producer) values (23, 'Water - Aquafina Vitamin', 13);
insert into product (id_product, product_name, id_producer) values (24, 'Bread Fig And Almond', 13);
insert into product (id_product, product_name, id_producer) values (25, 'Cake Slab', 13);
insert into product (id_product, product_name, id_producer) values (26, 'Wine - Touraine Azay - Le - Rideau', 13);
insert into product (id_product, product_name, id_producer) values (27, 'Rice - Basmati', 13);
insert into product (id_product, product_name, id_producer) values (28, 'Graham Cracker Mix', 13);
insert into product (id_product, product_name, id_producer) values (29, 'Pastry - Apple Muffins - Mini', 13);
insert into product (id_product, product_name, id_producer) values (30, 'Beer - Heinekin', 13);
insert into product (id_product, product_name, id_producer) values (31, 'Sauce - Caesar Dressing', 13);
insert into product (id_product, product_name, id_producer) values (32, 'Squash - Sunburst', 13);
insert into product (id_product, product_name, id_producer) values (33, 'Beer - Camerons Cream Ale', 13);
insert into product (id_product, product_name, id_producer) values (34, 'Wine - Rioja Campo Viejo', 16);
insert into product (id_product, product_name, id_producer) values (35, 'Longos - Grilled Chicken With', 16);
insert into product (id_product, product_name, id_producer) values (36, 'Juice - Grape, White', 16);
insert into product (id_product, product_name, id_producer) values (37, 'Flour - Pastry', 97);
insert into product (id_product, product_name, id_producer) values (38, 'Ecolab - Hand Soap Form Antibac', 97);
insert into product (id_product, product_name, id_producer) values (39, 'Bag - Regular Kraft 20 Lb', 97);
insert into product (id_product, product_name, id_producer) values (40, 'Rice Paper', 97);
insert into product (id_product, product_name, id_producer) values (41, 'Thyme - Fresh', 97);
insert into product (id_product, product_name, id_producer) values (42, 'Appetizer - Mango Chevre', 97);
insert into product (id_product, product_name, id_producer) values (43, 'Fork - Plastic', 97);
insert into product (id_product, product_name, id_producer) values (44, 'Pectin', 97);
insert into product (id_product, product_name, id_producer) values (45, 'Chicken - Wings, Tip Off', 32);
insert into product (id_product, product_name, id_producer) values (46, 'Cheese - Asiago', 32);
insert into product (id_product, product_name, id_producer) values (47, 'Wine - Red, Mosaic Zweigelt', 32);
insert into product (id_product, product_name, id_producer) values (48, 'Table Cloth 54x72 White', 32);
insert into product (id_product, product_name, id_producer) values (49, 'Jolt Cola - Red Eye', 32);
insert into product (id_product, product_name, id_producer) values (50, 'Beans - Black Bean, Preserved', 32);
insert into product (id_product, product_name, id_producer) values (51, 'Filling - Mince Meat', 32);
insert into product (id_product, product_name, id_producer) values (52, 'Napkin Colour', 32);
insert into product (id_product, product_name, id_producer) values (53, 'Brandy - Bar', 32);
insert into product (id_product, product_name, id_producer) values (54, 'Broom - Push', 32);
insert into product (id_product, product_name, id_producer) values (55, 'Shrimp - 21/25, Peel And Deviened', 32);
insert into product (id_product, product_name, id_producer) values (56, 'Veal - Insides, Grains', 32);
insert into product (id_product, product_name, id_producer) values (57, 'Lamb - Rack', 8);
insert into product (id_product, product_name, id_producer) values (58, 'Ecolab - Medallion', 8);
insert into product (id_product, product_name, id_producer) values (59, 'Pie Filling - Pumpkin', 8);
insert into product (id_product, product_name, id_producer) values (60, 'Pasta - Penne, Lisce, Dry', 8);
insert into product (id_product, product_name, id_producer) values (61, 'Paper Towel Touchless', 8);
insert into product (id_product, product_name, id_producer) values (62, 'Sea Bass - Fillets', 8);
insert into product (id_product, product_name, id_producer) values (63, 'Tuna - Sushi Grade', 8);
insert into product (id_product, product_name, id_producer) values (64, 'Pastry - Plain Baked Croissant', 8);
insert into product (id_product, product_name, id_producer) values (65, 'Red Pepper Paste', 8);
insert into product (id_product, product_name, id_producer) values (66, 'Shrimp, Dried, Small / Lb', 8);
insert into product (id_product, product_name, id_producer) values (67, 'Spic And Span All Purpose', 8);
insert into product (id_product, product_name, id_producer) values (68, 'Ham - Smoked, Bone - In', 8);
insert into product (id_product, product_name, id_producer) values (69, 'Graham Cracker Mix', 8);
insert into product (id_product, product_name, id_producer) values (70, 'Wine - Cabernet Sauvignon', 49);
insert into product (id_product, product_name, id_producer) values (71, 'Cloves - Ground', 49);
insert into product (id_product, product_name, id_producer) values (72, 'Soupcontfoam16oz 116con', 49);
insert into product (id_product, product_name, id_producer) values (73, 'Sauce - Marinara', 49);
insert into product (id_product, product_name, id_producer) values (74, 'Sunflower Seed Raw', 49);
insert into product (id_product, product_name, id_producer) values (75, 'Pastry - Raisin Muffin - Mini', 49);
insert into product (id_product, product_name, id_producer) values (76, 'Carbonated Water - Raspberry', 49);
insert into product (id_product, product_name, id_producer) values (77, 'C - Plus, Orange', 49);
insert into product (id_product, product_name, id_producer) values (78, 'Milk - Condensed', 68);
insert into product (id_product, product_name, id_producer) values (79, 'Cornish Hen', 68);
insert into product (id_product, product_name, id_producer) values (80, 'Pepper - Cayenne', 68);
insert into product (id_product, product_name, id_producer) values (81, 'Fennel - Seeds', 68);
insert into product (id_product, product_name, id_producer) values (82, 'Coffee - Colombian, Portioned', 68);
insert into product (id_product, product_name, id_producer) values (83, 'Wine - Prosecco Valdobienne', 68);
insert into product (id_product, product_name, id_producer) values (84, 'Fish - Halibut, Cold Smoked', 68);
insert into product (id_product, product_name, id_producer) values (85, 'Piping - Bags Quizna', 68);
insert into product (id_product, product_name, id_producer) values (86, 'Skirt - 24 Foot', 68);
insert into product (id_product, product_name, id_producer) values (87, 'Alize Red Passion', 54);
insert into product (id_product, product_name, id_producer) values (88, 'Tomatoes - Yellow Hot House', 54);
insert into product (id_product, product_name, id_producer) values (89, 'Flour - Chickpea', 54);
insert into product (id_product, product_name, id_producer) values (90, 'Madeira', 54);
insert into product (id_product, product_name, id_producer) values (91, 'Chicken - Wings, Tip Off', 54);
insert into product (id_product, product_name, id_producer) values (92, 'Fish - Base, Bouillion', 54);
insert into product (id_product, product_name, id_producer) values (93, 'Sauce - Balsamic Viniagrette', 54);
insert into product (id_product, product_name, id_producer) values (94, 'Ice Cream - Super Sandwich', 54);
insert into product (id_product, product_name, id_producer) values (95, 'Brandy Cherry - Mcguinness', 54);
insert into product (id_product, product_name, id_producer) values (96, 'Wine - White, Pelee Island', 54);
insert into product (id_product, product_name, id_producer) values (97, 'Veal - Leg', 54);
insert into product (id_product, product_name, id_producer) values (98, 'Juice - Apple, 500 Ml', 54);
insert into product (id_product, product_name, id_producer) values (99, 'Cheese - Wine', 54);
insert into product (id_product, product_name, id_producer) values (100, 'Ice Cream Bar - Hageen Daz To', 54);
insert into person (id_person, firstname, lastname, email, password) values (1, 'Iolanthe', 'Bamford', 'ibamford0@sfgate.com', '$2a$04$xlKutGkCNtd8QT60L8aehOf9IWgpVYcxrNUrfYkRcntaPm6EedsRi');
insert into person (id_person, firstname, lastname, email, password) values (2, 'Sarah', 'Kobisch', 'skobisch1@ovh.net', '$2a$04$tDnPG2FIjODWJklZ2QBDN.dbKRtkFAhaJrqiQL2QHWZoddTLF8Xpu');
insert into person (id_person, firstname, lastname, email, password) values (3, 'Thomas', 'Tuther', 'ttuther2@upenn.edu', '$2a$04$Y1HoodKOTXWM4yaBhDID_personR.VM6uoHzQNkdyWeoN6JC4ZeOFcE98i3e');
insert into person (id_person, firstname, lastname, email, password) values (4, 'Kinnie', 'Medford', 'kmedford3@google.co.uk', '$2a$04$ESSjNNxzpYi8f2cADvGkwOXkbX1WRUtfk0gfHcS3F.f.YuZ5hFvpq');
insert into person (id_person, firstname, lastname, email, password) values (5, 'Roxy', 'Hamson', 'rhamson4@wordpress.com', '$2a$04$Qo7vp1lTom4KThGR1FMW.erpAfegX3RkbrKguAV3PCezm/7JKUVVi');
insert into person (id_person, firstname, lastname, email, password) values (6, 'Milena', 'Carlsen', 'mcarlsen5@about.me', '$2a$04$DIL7QbIWohz7mvuJriLllOHnXEI12Id_personVuTS8Zj2smWjkr1Xjrz6Ga');
insert into person (id_person, firstname, lastname, email, password) values (7, 'Carling', 'Kinchlea', 'ckinchlea6@flavors.me', '$2a$04$VOIRnOudD9on9mD4gCHNeuCkbTp94mgomtBQ0uIEvG.Ezau56uyCy');
insert into person (id_person, firstname, lastname, email, password) values (8, 'Korey', 'Dundin', 'kdundin7@indiegogo.com', '$2a$04$MkAuCJvZCbdsFzcu.GUpdOOtmL68BdA1Vpsh6AC/PacZDSHRk93ty');
insert into person (id_person, firstname, lastname, email, password) values (9, 'Dell', 'Pavlasek', 'dpavlasek8@hexun.com', '$2a$04$aEey8VeTcKtSNX65EffBoOiBPQ.FNmsaValZsEO5egNSrdXtehUfG');
insert into person (id_person, firstname, lastname, email, password) values (10, 'Cirilo', 'Casaro', 'ccasaro9@boston.com', '$2a$04$60O433HiW9GWWcswzJMxNOnKVn.yObzwvRbUFLoMtOO.NDFGlj7Wy');
insert into person (id_person, firstname, lastname, email, password) values (11, 'Griffie', 'Connor', 'gconnora@nasa.gov', '$2a$04$MdmrtTFMnHxXZfCQ/BztQ.yTt4v9LzU4YB7sqaPBc3XN7LHlQunAW');
insert into person (id_person, firstname, lastname, email, password) values (12, 'Antonietta', 'Fletham', 'aflethamb@gov.uk', '$2a$04$.jVElxrjH6x3n8R.sn4JTuajC9Begcbze3J8lKcTgmvBwIZLLoJQy');
insert into person (id_person, firstname, lastname, email, password) values (13, 'Ruben', 'Giuron', 'rgiuronc@statcounter.com', '$2a$04$iCWJbccLwBAhwNRzjIpgLuMH2lyg5gtCYxZlsw7ti6koJeGHClf0e');
insert into person (id_person, firstname, lastname, email, password) values (14, 'Romola', 'Kuhle', 'rkuhled@myspace.com', '$2a$04$nJ2XEZ7f9tY3PbpqcBZJDOIqbv/QzU21zLd1v6Z5tYX9L9sIxFHge');
insert into person (id_person, firstname, lastname, email, password) values (15, 'Keeley', 'Burner', 'kburnere@wunderground.com', '$2a$04$B9hd4YEaJSruOxqHXU5ElO6Oh3YmXNCWdUEMrpe3vYKdnCtx85.8y');
insert into person (id_person, firstname, lastname, email, password) values (16, 'Ally', 'De Ath', 'adeathf@shinystat.com', '$2a$04$5DcZGWqpaqjSqLGYcikbwugeeh/hmKnkMBisaX4xCyNDUs6Twnh96');
insert into person (id_person, firstname, lastname, email, password) values (17, 'Friedrich', 'Scargle', 'fscargleg@hhs.gov', '$2a$04$5oMKfeVwRQ9p1Ivp2DIzZOk8NK2B4S3ow8VzX3ENj6Lh1.Hq.UVhC');
insert into person (id_person, firstname, lastname, email, password) values (18, 'Dallon', 'Kershaw', 'dkershawh@elegantthemes.com', '$2a$04$.fN8v/1H9Z5JIuY7pS9z9OXujxabhKHVJKMQVGTVJGeW8opoKGhPW');
insert into person (id_person, firstname, lastname, email, password) values (19, 'Dulcinea', 'Joberne', 'djobernei@intel.com', '$2a$04$AMZlulJ4MtWkgcJLZRix1ugB9K8lHaAJe4jc8jg3NyCHADlesiQnu');
insert into person (id_person, firstname, lastname, email, password) values (20, 'Meagan', 'Elcomb', 'melcombj@phoca.cz', '$2a$04$xxxHrt32bb6bW14tnEsx/OqF9oL84jVSUBAPdmoI5nOf85JMvfiCe');
insert into person (id_person, firstname, lastname, email, password) values (21, 'Tomasina', 'Matantsev', 'tmatantsevk@blogger.com', '$2a$04$NiizSCa1kibBYsFjqA1HSuWIPMmq5ZO6iiRosnm3mpGKg5jM.UxIC');
insert into person (id_person, firstname, lastname, email, password) values (22, 'Belita', 'Panketh', 'bpankethl@soundcloud.com', '$2a$04$MEHl77JIssjlKQZVaCn/x.qjV3wdbZjOmKjWbRvXPjsqQwoautf.m');
insert into person (id_person, firstname, lastname, email, password) values (23, 'Jameson', 'Fakes', 'jfakesm@wix.com', '$2a$04$jZvnUdGgxMWK9da0GIiAxOebnWIScp7P6dlMuvUrkXonFOy725JxW');
insert into person (id_person, firstname, lastname, email, password) values (24, 'Carlotta', 'Echallie', 'cechallien@google.com.br', '$2a$04$gOcEqwHt4/MKHtcbm8ojte9iWAdlBYanuxWpDiIiqBOobdbIS1Xc.');
insert into person (id_person, firstname, lastname, email, password) values (25, 'May', 'Maypowder', 'mmaypowdero@rediff.com', '$2a$04$XMmRX5v09wJWkfhWy2ZqUedJt/e1qBfRjOpvctVacUU5rphySxW66');
insert into person (id_person, firstname, lastname, email, password) values (26, 'Worden', 'Paule', 'wpaulep@naver.com', '$2a$04$KKBqxEhf8pSCnzlckz5dEe37pntaSipDykqJJr.7daAQZ2K/FWDy2');
insert into person (id_person, firstname, lastname, email, password) values (27, 'Kessiah', 'Jekyll', 'kjekyllq@feedburner.com', '$2a$04$Q/FeCf/lmUdQPcKHcu40P.Vme14fed8UrXM6Bqj77vZtjA2VlrTQW');
insert into person (id_person, firstname, lastname, email, password) values (28, 'Briano', 'Angove', 'bangover@miitbeian.gov.cn', '$2a$04$8EaSqV1gu7Vx8896BJRK7./r/n.7Ydbt8.MnGjT/h/vjn/z18aAHm');
insert into person (id_person, firstname, lastname, email, password) values (29, 'Lynde', 'Kleinhaut', 'lkleinhauts@comcast.net', '$2a$04$7B6Fr.POsw5FibzCjX6h8uwUUzMH2Ao1q6mVLCNYGfwLVDZOnnJGm');
insert into person (id_person, firstname, lastname, email, password) values (30, 'Frasquito', 'Stirling', 'fstirlingt@blog.com', '$2a$04$lU6hDFLVskpWLOmxi/X.V.mZ6Z0wdrmKhT489ULvzhP32H3HUHyfO');
insert into person (id_person, firstname, lastname, email, password) values (31, 'Mariel', 'Chaldecott', 'mchaldecottu@va.gov', '$2a$04$x.2O11XvZjUx70DlPLZYBO2YlTWbo9nGYjP87lymY.r5lN3PtNGqi');
insert into person (id_person, firstname, lastname, email, password) values (32, 'Zebedee', 'Sephton', 'zsephtonv@disqus.com', '$2a$04$evRUQWVvwAX8NqK5mvMyf.AdUYQgv8MY5rL16nsXLPkFD2OTi/CJK');
insert into person (id_person, firstname, lastname, email, password) values (33, 'Gaspar', 'Valentine', 'gvalentinew@mysql.com', '$2a$04$dQnYvuOOzzWAB/TtMcy79O4Is9cICurWe82ZL4Wkx54scjy8.3B.O');
insert into person (id_person, firstname, lastname, email, password) values (34, 'Felike', 'Chartres', 'fchartresx@amazonaws.com', '$2a$04$CF2VE7IQOHvhpJ4ID_personlkwze.HEPBfk5GZVrpvuG432twGbwK3wXid_personS');
insert into person (id_person, firstname, lastname, email, password) values (35, 'Ertha', 'Paik', 'epaiky@webeden.co.uk', '$2a$04$eRR1aFe62JmsUj/jBacOFu.J2fB5OByXEnYhciiWOyCEXk0bV2MCi');
insert into person (id_person, firstname, lastname, email, password) values (36, 'Jordanna', 'Jumont', 'jjumontz@apple.com', '$2a$04$tdExWHfG3.liQwcGIEsOFOy2/SsnsHA6igZuMcuj1rkbUrkOIKUKG');
insert into person (id_person, firstname, lastname, email, password) values (37, 'Broddie', 'Band', 'bband10@columbia.edu', '$2a$04$t3gJWvru6atDd0.9Kh7V0eo9nAURipc.TuaeqQ.pdjOjbaBwo3ZCW');
insert into person (id_person, firstname, lastname, email, password) values (38, 'Alid_personia', 'Carle', 'acarle11@archive.org', '$2a$04$S7D0ujpmHtLrpMSKS6umRuwSEwL83XudnZcs9iKuEjXMJJqj6fLp2');
insert into person (id_person, firstname, lastname, email, password) values (39, 'Floria', 'Adamini', 'fadamini12@amazon.de', '$2a$04$7SVFNhNtdjob8DF5HHw/kujx.3HhZRh74eclRGiNxsGBgZ1VBhfKe');
insert into person (id_person, firstname, lastname, email, password) values (40, 'Francoise', 'Bloore', 'fbloore13@t-online.de', '$2a$04$Qs1lK1lrAcWdrYK0.oywiu7ovkPOZqaXMXUjrM4V5ReyzhbwN3lcK');
insert into person (id_person, firstname, lastname, email, password) values (41, 'Cobbie', 'Tollid_personay', 'ctollid_personay14@craigslist.org', '$2a$04$KFAvmvepGrlVoE3tP2cmIuqB/0u3z5xYBrhtREZPco2pVOTpFxQMO');
insert into person (id_person, firstname, lastname, email, password) values (42, 'Cassaundra', 'Hunting', 'chunting15@liveinternet.ru', '$2a$04$vfvVV.boVWoQnPkJiyFVGOJvbbmvdavsxygUbPty4TdzC23fGyRum');
insert into person (id_person, firstname, lastname, email, password) values (43, 'Cathe', 'Kmicicki', 'ckmicicki16@com.com', '$2a$04$tTQUzxeryNo.u9eXNEcO/uTSSVi6K8a831YltXEFeUbbg4OYTSE02');
insert into person (id_person, firstname, lastname, email, password) values (44, 'Rena', 'Palffy', 'rpalffy17@forbes.com', '$2a$04$WXu11n7DR.kO0isABnOMD..c8l2TSS1LMWDtEees/6VXKWFZD/laC');
insert into person (id_person, firstname, lastname, email, password) values (45, 'Nata', 'Drains', 'ndrains18@edublogs.org', '$2a$04$nFaSYt7ommoIX6UD4ZzZD.7XhjNhR4SIclOqh1dXiSES3Vukr6oMK');
insert into person (id_person, firstname, lastname, email, password) values (46, 'Callie', 'Morriarty', 'cmorriarty19@virginia.edu', '$2a$04$6M3D6mjG7xQfb8jDn/gLo.pzoM/1ZmvgQwRA4eByIJb2uioMIFNnW');
insert into person (id_person, firstname, lastname, email, password) values (47, 'Jose', 'Gerold', 'jgerold1a@parallels.com', '$2a$04$bOuQOSuNFTG1YziQTL4ZvO1tqH.ZZbQD1uPGENzOLtUS1B6O0UoT6');
insert into person (id_person, firstname, lastname, email, password) values (48, 'Eran', 'Garci', 'egarci1b@shop-pro.jp', '$2a$04$oc04359UZU.hNBCKJQSx8eG.W6dOt6Be4hgR2KcaO0ms1i3PEH.ES');
insert into person (id_person, firstname, lastname, email, password) values (49, 'Nanci', 'Pickring', 'npickring1c@google.es', '$2a$04$tJs4QEE4cT0gIZSJArXZLeh8CIzz6f.PVH9ss0S9S0/HchXfR/IOK');
insert into person (id_person, firstname, lastname, email, password) values (50, 'Berkley', 'Yarnley', 'byarnley1d@tripadvisor.com', '$2a$04$4UTY.01pVprovafu/eb8keQ7GVF7kZcKKWRBynrE55Mi4/vGjKoaO');
insert into person (id_person, firstname, lastname, email, password) values (51, 'Aloysia', 'Riccio', 'ariccio1e@indiatimes.com', '$2a$04$ba3zL/vodzuacdxq3hMzEeALofmZ8JJwuclIJi8/.2OazV6tRfwEm');
insert into person (id_person, firstname, lastname, email, password) values (52, 'Shelia', 'Sparwell', 'ssparwell1f@baid_personu.com', '$2a$04$cgPb21q1treXhsyalVNTz.7rfa3UdO3BqN7SXxzxTDfsbKl9f95SG');
insert into person (id_person, firstname, lastname, email, password) values (53, 'Kristofer', 'de Voiels', 'kdevoiels1g@reuters.com', '$2a$04$.xtrjDbJYbR3B9bXKh7Kj.D1ttGEzzt4fRaU5CVFS1Azrc.tcjQMW');
insert into person (id_person, firstname, lastname, email, password) values (54, 'Ranique', 'Linstead', 'rlinstead1h@pinterest.com', '$2a$04$XBWyxn1vBM/SrmBgrbVfOOR3ZEbTIh4Zs6Y6bQBhmHyR7werwWEBi');
insert into person (id_person, firstname, lastname, email, password) values (55, 'Coop', 'Sendley', 'csendley1i@google.de', '$2a$04$xU5qm0qnCeF1sjLdiCHCN.bNIsSmvZsE.qxR3hIm1YlulUv.PrHhS');
insert into person (id_person, firstname, lastname, email, password) values (56, 'Nedda', 'Faulder', 'nfaulder1j@narod.ru', '$2a$04$8ImzVF15O4yLwd8toWEcVO3/FM00RAvBjYM2GYAxSpB6nYtuTFiJu');
insert into person (id_person, firstname, lastname, email, password) values (57, 'Gardie', 'Rigardeau', 'grigardeau1k@apache.org', '$2a$04$wp9IJ27qlIz.FXPyVsZ7VuD5CDnfU7hGzS3JpSxLuAWKtxOauAyii');
insert into person (id_person, firstname, lastname, email, password) values (58, 'Lorelei', 'O''Gavin', 'logavin1l@unc.edu', '$2a$04$2Flm.wutxwpD/dDkYOQNq.XaS5DzLyO02Yg6zwB3hQYESUmNa4bNW');
insert into person (id_person, firstname, lastname, email, password) values (59, 'Queenie', 'Gunthorp', 'qgunthorp1m@marriott.com', '$2a$04$7evCiO0Sadryj7GPeyLP2uOA5MSki/Z4DUr8tLtfLw7ymYM1KafEq');
insert into person (id_person, firstname, lastname, email, password) values (60, 'King', 'Bytheway', 'kbytheway1n@boston.com', '$2a$04$hSt/ZIPZmT6Ue/09pzb8qe47Jf1JAFI3MvVife4hljJw4hTgOlH/e');
insert into person (id_person, firstname, lastname, email, password) values (61, 'Arvy', 'Courtois', 'acourtois1o@wikipedia.org', '$2a$04$HtBvJ7KOxqhBpbrfaXQoHejxsV/QUJd63SpgwZL4y/Ej.ga3Y7gN.');
insert into person (id_person, firstname, lastname, email, password) values (62, 'Amos', 'Gibbins', 'agibbins1p@fastcompany.com', '$2a$04$DxJMDMdnkSaQ3jzQYk4/duPBYiy7iPIwCCwfdcBXS9SkSVAPpsG0.');
insert into person (id_person, firstname, lastname, email, password) values (63, 'Leroi', 'Kalewe', 'lkalewe1q@xinhuanet.com', '$2a$04$qnqRAHnw4knxWCdOkIUTD.GJDQgnRD9vAVmWT/Twaxu5hNp4wWaaC');
insert into person (id_person, firstname, lastname, email, password) values (64, 'Milena', 'Ayre', 'mayre1r@yolasite.com', '$2a$04$tqs9dZpZ//PQp5r78rYOLu/5ZeDaOK8/yVERYIRjfa2DcPM9FLclq');
insert into person (id_person, firstname, lastname, email, password) values (65, 'Bamby', 'Creeghan', 'bcreeghan1s@sohu.com', '$2a$04$Csy/uK0mtdqxH4KnIkzrxe7i95x4v3bMGxoPU92OJxhsuCJ2fQUVu');
insert into person (id_person, firstname, lastname, email, password) values (66, 'Ave', 'Brice', 'abrice1t@microsoft.com', '$2a$04$19v16Dehu.EyW8gp9Xs0he6siLpFBs6R8uYQXCxz2v4HQQ7acGt56');
insert into person (id_person, firstname, lastname, email, password) values (67, 'Dario', 'Alner', 'dalner1u@mayoclinic.com', '$2a$04$HrhZ6FNpxhD7/D3Zqm47u.CDnf2vYsWiEZnu9Rp/VAgqedYzYBOMK');
insert into person (id_person, firstname, lastname, email, password) values (68, 'Judah', 'Boyes', 'jboyes1v@bandcamp.com', '$2a$04$w8Brukq181WaU3mAihq2eee0fetuEleJpfHiT2WT4W5x40tzbOlfi');
insert into person (id_person, firstname, lastname, email, password) values (69, 'Nicoli', 'Almond', 'nalmond1w@rediff.com', '$2a$04$WeZAzZ6ZCwBsuF1QXrP6n.E5JcoJLy1ID_personDZReFdWaZ8JUlIystzay');
insert into person (id_person, firstname, lastname, email, password) values (70, 'Prescott', 'Black', 'pblack1x@sohu.com', '$2a$04$q/RQcXuY/dZMincIUM59g.oZ4wZyoYPIIwj98VyUTCDKHud4R6Sfu');
insert into person (id_person, firstname, lastname, email, password) values (71, 'Emery', 'Geraud', 'egeraud1y@europa.eu', '$2a$04$wE.sbCatQ2aYjwaM/zbcYe1P5yvVxI8T2MnzCQBmeD2CYcKwiR.vW');
insert into person (id_person, firstname, lastname, email, password) values (72, 'Nevile', 'Stephen', 'nstephen1z@cnbc.com', '$2a$04$KcZHBpdMBRF33TEcBtY8peaMNYjSYz6F1Fas76o3jH9ZcfGO4BSaG');
insert into person (id_person, firstname, lastname, email, password) values (73, 'Myles', 'Streatley', 'mstreatley20@lulu.com', '$2a$04$PZ0kwo744MxlhbOAJht33.4PL3j4.MZAKc9FGg5vHm6TzK70fCUVG');
insert into person (id_person, firstname, lastname, email, password) values (74, 'Camey', 'Buckley', 'cbuckley21@bluehost.com', '$2a$04$E4CIsoAxK5XY2/N.6wf0wu829BsoRvR349lqTjKzCWKwXSVtLZPua');
insert into person (id_person, firstname, lastname, email, password) values (75, 'Zitella', 'Livzey', 'zlivzey22@wix.com', '$2a$04$ydfXgVGbX0btEpVHOXofK.QK6GntDyADxuiEt7AYvEn8RSa7uSV6q');
insert into person (id_person, firstname, lastname, email, password) values (76, 'Mellie', 'Lifton', 'mlifton23@yahoo.com', '$2a$04$dF/hzeQlQoAS/NFDQGvYCuzpP2/3ILuJioclrAoA46KcO51ylXHcK');
insert into person (id_person, firstname, lastname, email, password) values (77, 'Mariele', 'Wathall', 'mwathall24@cdbaby.com', '$2a$04$WCJ44Zgsc2pee/qr3ZywBecufr70H6WkeQOl3bWwfhKiRAAco30ou');
insert into person (id_person, firstname, lastname, email, password) values (78, 'Nicolis', 'Farnorth', 'nfarnorth25@typepad.com', '$2a$04$kXoHCai9q2lvWp712zfOseAtV8o829PNVgr8bl50kz8cHyLxziA2i');
insert into person (id_person, firstname, lastname, email, password) values (79, 'Edi', 'Di Nisco', 'edinisco26@wix.com', '$2a$04$zmdKGZ1SHfK.DWbPkLMdK.QPYmWCoOiQ4cJn/tAN6OJc0C/92p91.');
insert into person (id_person, firstname, lastname, email, password) values (80, 'Leelah', 'Maddock', 'lmaddock27@mail.ru', '$2a$04$B873zaU4xhFY1ZMZ1Ze6su3uyTb1BmvRewGTA6WD4S.lkRLT7LC76');
insert into person (id_person, firstname, lastname, email, password) values (81, 'Eartha', 'Crenshaw', 'ecrenshaw28@shutterfly.com', '$2a$04$0gpPiQyjxtk/RUFM6n5cM.93ysM0AaCkgc68Rxw9fLBaA5Vudt9Bu');
insert into person (id_person, firstname, lastname, email, password) values (82, 'Mel', 'Artinstall', 'martinstall29@sciencedaily.com', '$2a$04$K/VRYJWTGHtQQqAFqER5eezrp/8FQ85dUd.UZ3TpFo.8fgd8KOS1K');
insert into person (id_person, firstname, lastname, email, password) values (83, 'Blondelle', 'Galbreth', 'bgalbreth2a@seattletimes.com', '$2a$04$9ayPuMVJUzqHRN5TehtUcuS0GlNvFCsXZ49eYD3iPY6wK3a1ckwU.');
insert into person (id_person, firstname, lastname, email, password) values (84, 'Bebe', 'Kesten', 'bkesten2b@symantec.com', '$2a$04$rzPVQvDlGDt6sR/sq.LfhuAgjKa.njmAfQDuszcGjrzFzmjJI97yy');
insert into person (id_person, firstname, lastname, email, password) values (85, 'Timi', 'Eliff', 'teliff2c@google.de', '$2a$04$adDOvVb0oISgz/U.AJdYP.F2POJT/JApRcOJf.OusKl7cdyLgLTXe');
insert into person (id_person, firstname, lastname, email, password) values (86, 'Shane', 'Gawn', 'sgawn2d@google.com', '$2a$04$Ft6uxBlBHihre.OtdUoq5eB6KoNmiCxS4Wk6972bZMjpVHqJPJruq');
insert into person (id_person, firstname, lastname, email, password) values (87, 'Syman', 'Agett', 'sagett2e@twitpic.com', '$2a$04$7KN0on3Y7muslpAP4VjarObGnFT3qiKHghpxaRus8dNRS8e5Ezv/e');
insert into person (id_person, firstname, lastname, email, password) values (88, 'Jeni', 'Issitt', 'jissitt2f@github.com', '$2a$04$uKD1bI4e5zI3QBgr.qbbgOkyM5GLabFKccXmqi0Lw4lpl4Q5Bgm5y');
insert into person (id_person, firstname, lastname, email, password) values (89, 'Isaac', 'Moscrop', 'imoscrop2g@usgs.gov', '$2a$04$6oSelexghX68WiVmhF7RouXwxBPiPlXMah4CZZF3jcjVaMZL7QoI.');
insert into person (id_person, firstname, lastname, email, password) values (90, 'Cordy', 'Vaadeland', 'cvaadeland2h@boston.com', '$2a$04$Gbm.ikndoqK2807PWNm1ee87XkbwYwcVupDVucyrRrSTqAQ.5em36');
insert into person (id_person, firstname, lastname, email, password) values (91, 'Tiena', 'Marling', 'tmarling2i@yahoo.co.jp', '$2a$04$uc/XrqpT5h.XQ3tuEwBsDuNvjOZ8xE3IH0NyIGqYFnDajuaObMZja');
insert into person (id_person, firstname, lastname, email, password) values (92, 'Wilt', 'Guarin', 'wguarin2j@google.it', '$2a$04$/OaMcDzHmELJwPDR/jmBmOb2j3sPrC6o3kErB0ueaO7q3AvlU01ze');
insert into person (id_person, firstname, lastname, email, password) values (93, 'Amandie', 'Burgott', 'aburgott2k@ask.com', '$2a$04$LVwA6Z4VBnJ6yEw8MHpNHuQ3bdr4jO1piLvI1kL96nSUQeN5N8N.i');
insert into person (id_person, firstname, lastname, email, password) values (94, 'Lindsey', 'Limeburn', 'llimeburn2l@timesonline.co.uk', '$2a$04$ewCIq7UlfkIY9HeI1P1Zvu2JIoRQuuMBPfS3xn63gRro9ocBRM2M.');
insert into person (id_person, firstname, lastname, email, password) values (95, 'Kilian', 'Barnett', 'kbarnett2m@epa.gov', '$2a$04$DKrKu8viLlyle6Q1XFgK0uF9CLwEtKlV2vtV/k2NWV2/N5.MA/jqG');
insert into person (id_person, firstname, lastname, email, password) values (96, 'Harp', 'Fermor', 'hfermor2n@pcworld.com', '$2a$04$UPEh6mJKFmfwVy3/LUJ68u9nXZgnYeNUHlGYuerjVRsp0q.yViO.O');
insert into person (id_person, firstname, lastname, email, password) values (97, 'Nataline', 'Fishenden', 'nfishenden2o@ifeng.com', '$2a$04$gkegq47U0HgF1gJfuI2kHOHVWDyX7Bn7nxoEjsMWyA9gp5fSjNLPm');
insert into person (id_person, firstname, lastname, email, password) values (98, 'Audrey', 'Whebell', 'awhebell2p@cyberchimps.com', '$2a$04$AvzhTUr3Jq1WGOXVnAm9ruZUmsp0KYl8XQeD/HvuWTHujoacgzAsu');
insert into person (id_person, firstname, lastname, email, password) values (99, 'Aurore', 'Berkery', 'aberkery2q@clickbank.net', '$2a$04$t35LBJT1b4v3t5a0V6/6Q.WxAA6lLzRD1PglaxVpy3dnHHe5JMqiq');
insert into person (id_person, firstname, lastname, email, password) values (100, 'Gerladina', 'Masterson', 'gmasterson2r@domainmarket.com', '$2a$04$.i2JBOWf6HYkB5WyNn8.W.eHodo.oaNYwpID_personARNX1pYu8t.MGqgHC');
insert into quarter (id_quarter, name_quarter, start_date, end_date) values (1, 'Health Care', '2022-12-19 15:04:07', '2023-07-30 16:24:19');
insert into quarter (id_quarter, name_quarter, start_date, end_date) values (2, 'n/a', '2023-02-09 01:38:34', '2023-06-19 15:37:40');
insert into quarter (id_quarter, name_quarter, start_date, end_date) values (3, 'Health Care', '2023-11-10 08:25:28', '2023-07-12 00:04:04');
insert into quarter (id_quarter, name_quarter, start_date, end_date) values (4, 'Health Care', '2023-11-21 03:21:47', '2023-03-29 03:41:43');
insert into quarter (id_quarter, name_quarter, start_date, end_date) values (5, 'Consumer Services', '2023-08-23 15:27:59', '2023-01-17 22:45:51');
insert into quarter (id_quarter, name_quarter, start_date, end_date) values (6, 'Technology', '2023-09-02 17:08:18', '2023-05-12 01:03:17');
insert into quarter (id_quarter, name_quarter, start_date, end_date) values (7, 'n/a', '2023-05-08 20:39:44', '2023-06-16 06:05:10');
insert into quarter (id_quarter, name_quarter, start_date, end_date) values (8, 'Consumer Non-Durables', '2023-07-18 03:03:24', '2023-04-23 15:47:08');
insert into quarter (id_quarter, name_quarter, start_date, end_date) values (9, 'Consumer Non-Durables', '2023-01-08 02:10:05', '2023-08-10 02:59:24');
insert into quarter (id_quarter, name_quarter, start_date, end_date) values (10, 'Finance', '2022-12-28 17:29:42', '2023-09-02 18:22:31');
insert into quarter (id_quarter, name_quarter, start_date, end_date) values (11, 'Basic Industries', '2023-09-29 17:14:46', '2023-04-22 19:20:25');
insert into quarter (id_quarter, name_quarter, start_date, end_date) values (12, 'Consumer Non-Durables', '2023-06-28 15:39:28', '2023-05-02 10:37:07');
insert into quarter (id_quarter, name_quarter, start_date, end_date) values (13, 'Consumer Services', '2022-12-25 03:19:05', '2023-09-13 14:05:59');
insert into quarter (id_quarter, name_quarter, start_date, end_date) values (14, 'Health Care', '2023-06-04 12:54:06', '2023-08-30 11:22:00');
insert into quarter (id_quarter, name_quarter, start_date, end_date) values (15, 'Transportation', '2023-06-04 15:02:23', '2023-01-21 03:53:14');
insert into quarter (id_quarter, name_quarter, start_date, end_date) values (16, 'Consumer Non-Durables', '2023-02-11 13:45:30', '2023-10-23 19:16:48');
insert into quarter (id_quarter, name_quarter, start_date, end_date) values (17, 'Health Care', '2023-08-22 21:50:19', '2023-04-21 22:44:54');
insert into quarter (id_quarter, name_quarter, start_date, end_date) values (18, 'Consumer Services', '2023-10-26 02:53:00', '2023-06-13 14:19:53');
insert into quarter (id_quarter, name_quarter, start_date, end_date) values (19, 'Capital Goods', '2023-04-01 17:21:49', '2023-02-05 08:59:05');
insert into quarter (id_quarter, name_quarter, start_date, end_date) values (20, 'Health Care', '2023-03-02 07:26:34', '2023-08-07 20:31:01');
insert into quarter (id_quarter, name_quarter, start_date, end_date) values (21, 'Finance', '2023-03-07 10:30:16', '2023-04-08 18:37:35');
insert into quarter (id_quarter, name_quarter, start_date, end_date) values (22, 'Finance', '2023-04-24 05:22:12', '2023-04-02 02:10:25');
insert into quarter (id_quarter, name_quarter, start_date, end_date) values (23, 'n/a', '2023-10-29 00:57:12', '2023-05-26 23:21:17');
insert into quarter (id_quarter, name_quarter, start_date, end_date) values (24, 'Consumer Services', '2023-07-31 11:01:09', '2023-11-06 23:38:41');
insert into quarter (id_quarter, name_quarter, start_date, end_date) values (25, 'Consumer Durables', '2023-03-30 08:21:08', '2023-07-02 16:25:23');
insert into quarter (id_quarter, name_quarter, start_date, end_date) values (26, 'Energy', '2023-04-12 12:46:24', '2023-04-12 20:11:47');
insert into quarter (id_quarter, name_quarter, start_date, end_date) values (27, 'Health Care', '2023-10-27 01:02:10', '2023-03-26 06:50:59');
insert into quarter (id_quarter, name_quarter, start_date, end_date) values (28, 'n/a', '2023-03-21 14:25:17', '2023-04-04 17:06:07');
insert into quarter (id_quarter, name_quarter, start_date, end_date) values (29, 'Finance', '2023-09-30 03:14:19', '2023-06-28 02:55:06');
insert into quarter (id_quarter, name_quarter, start_date, end_date) values (30, 'Technology', '2023-05-10 16:24:27', '2023-06-17 05:31:34');
insert into quarter (id_quarter, name_quarter, start_date, end_date) values (31, 'Health Care', '2023-01-09 16:07:17', '2023-09-22 15:11:56');
insert into quarter (id_quarter, name_quarter, start_date, end_date) values (32, 'Consumer Durables', '2022-12-09 08:46:26', '2023-11-22 06:05:44');
insert into quarter (id_quarter, name_quarter, start_date, end_date) values (33, 'Consumer Non-Durables', '2023-09-02 07:16:51', '2023-06-09 19:09:56');
insert into quarter (id_quarter, name_quarter, start_date, end_date) values (34, 'Consumer Services', '2023-06-29 03:22:51', '2023-10-13 19:22:49');
insert into quarter (id_quarter, name_quarter, start_date, end_date) values (35, 'n/a', '2023-05-29 23:01:19', '2023-03-22 18:56:12');
insert into quarter (id_quarter, name_quarter, start_date, end_date) values (36, 'Health Care', '2023-04-01 15:27:10', '2023-11-15 11:23:10');
insert into quarter (id_quarter, name_quarter, start_date, end_date) values (37, 'n/a', '2023-07-26 15:02:55', '2023-02-26 17:01:53');
insert into quarter (id_quarter, name_quarter, start_date, end_date) values (38, 'Energy', '2023-03-12 03:56:55', '2023-11-10 17:18:18');
insert into quarter (id_quarter, name_quarter, start_date, end_date) values (39, 'Capital Goods', '2023-04-29 12:35:02', '2023-03-27 11:08:22');
insert into quarter (id_quarter, name_quarter, start_date, end_date) values (40, 'Finance', '2023-04-02 18:17:38', '2023-05-18 03:51:27');
insert into quarter (id_quarter, name_quarter, start_date, end_date) values (41, 'Energy', '2023-10-09 09:52:52', '2023-11-07 21:26:07');
insert into quarter (id_quarter, name_quarter, start_date, end_date) values (42, 'Consumer Non-Durables', '2022-12-09 13:38:08', '2023-05-16 03:21:10');
insert into quarter (id_quarter, name_quarter, start_date, end_date) values (43, 'Finance', '2023-07-22 15:03:28', '2023-05-23 14:24:56');
insert into quarter (id_quarter, name_quarter, start_date, end_date) values (44, 'Finance', '2023-04-13 22:57:25', '2023-11-11 12:55:49');
insert into quarter (id_quarter, name_quarter, start_date, end_date) values (45, 'Transportation', '2023-06-11 02:53:05', '2023-03-20 15:38:48');
insert into quarter (id_quarter, name_quarter, start_date, end_date) values (46, 'Consumer Non-Durables', '2022-12-31 22:40:51', '2023-06-25 03:24:33');
insert into quarter (id_quarter, name_quarter, start_date, end_date) values (47, 'Consumer Durables', '2023-09-15 12:32:58', '2023-11-13 19:15:10');
insert into quarter (id_quarter, name_quarter, start_date, end_date) values (48, 'Health Care', '2023-03-18 22:19:41', '2023-05-06 13:02:50');
insert into quarter (id_quarter, name_quarter, start_date, end_date) values (49, 'Consumer Non-Durables', '2022-12-30 00:06:45', '2023-06-02 05:22:35');
insert into quarter (id_quarter, name_quarter, start_date, end_date) values (50, 'n/a', '2023-10-30 10:51:16', '2023-09-08 00:26:50');
insert into quarter (id_quarter, name_quarter, start_date, end_date) values (51, 'Basic Industries', '2023-01-22 21:58:53', '2023-03-24 05:06:25');
insert into quarter (id_quarter, name_quarter, start_date, end_date) values (52, 'n/a', '2023-03-01 10:23:16', '2023-07-14 03:07:17');
insert into quarter (id_quarter, name_quarter, start_date, end_date) values (53, 'Public Utilities', '2023-11-04 10:59:21', '2023-06-21 17:52:55');
insert into quarter (id_quarter, name_quarter, start_date, end_date) values (54, 'Basic Industries', '2023-01-15 07:08:46', '2022-12-03 04:27:06');
insert into quarter (id_quarter, name_quarter, start_date, end_date) values (55, 'Finance', '2022-12-29 23:06:23', '2023-04-10 15:10:30');
insert into quarter (id_quarter, name_quarter, start_date, end_date) values (56, 'Technology', '2023-06-21 20:50:24', '2023-02-14 13:34:48');
insert into quarter (id_quarter, name_quarter, start_date, end_date) values (57, 'Energy', '2023-08-02 04:47:25', '2023-04-12 23:01:41');
insert into quarter (id_quarter, name_quarter, start_date, end_date) values (58, 'Transportation', '2023-05-09 02:22:04', '2023-07-19 12:02:00');
insert into quarter (id_quarter, name_quarter, start_date, end_date) values (59, 'Health Care', '2023-07-18 14:16:32', '2022-12-05 01:07:04');
insert into quarter (id_quarter, name_quarter, start_date, end_date) values (60, 'Technology', '2023-09-18 12:49:53', '2023-05-24 12:31:32');
insert into quarter (id_quarter, name_quarter, start_date, end_date) values (61, 'Finance', '2023-08-24 04:17:04', '2023-07-03 06:13:11');
insert into quarter (id_quarter, name_quarter, start_date, end_date) values (62, 'Consumer Services', '2023-09-18 17:54:31', '2023-05-26 10:15:02');
insert into quarter (id_quarter, name_quarter, start_date, end_date) values (63, 'Health Care', '2023-06-12 11:47:27', '2023-06-19 17:47:13');
insert into quarter (id_quarter, name_quarter, start_date, end_date) values (64, 'Technology', '2023-02-23 07:36:06', '2023-05-08 01:34:52');
insert into quarter (id_quarter, name_quarter, start_date, end_date) values (65, 'n/a', '2022-12-15 01:35:06', '2023-01-12 11:30:34');
insert into quarter (id_quarter, name_quarter, start_date, end_date) values (66, 'Capital Goods', '2023-07-26 22:54:43', '2023-04-11 08:04:52');
insert into quarter (id_quarter, name_quarter, start_date, end_date) values (67, 'Consumer Durables', '2023-02-20 05:59:17', '2023-08-16 23:55:38');
insert into quarter (id_quarter, name_quarter, start_date, end_date) values (68, 'Finance', '2023-09-02 01:50:27', '2023-04-24 22:17:33');
insert into quarter (id_quarter, name_quarter, start_date, end_date) values (69, 'Health Care', '2022-11-29 06:38:13', '2023-08-11 04:12:52');
insert into quarter (id_quarter, name_quarter, start_date, end_date) values (70, 'Energy', '2023-02-02 15:57:33', '2023-01-12 07:13:37');
insert into quarter (id_quarter, name_quarter, start_date, end_date) values (71, 'n/a', '2023-02-24 13:15:51', '2022-12-11 21:35:51');
insert into quarter (id_quarter, name_quarter, start_date, end_date) values (72, 'Basic Industries', '2023-06-24 18:10:45', '2023-03-09 01:40:30');
insert into quarter (id_quarter, name_quarter, start_date, end_date) values (73, 'Health Care', '2023-03-24 03:42:52', '2022-12-01 07:29:54');
insert into quarter (id_quarter, name_quarter, start_date, end_date) values (74, 'Health Care', '2023-01-04 01:37:56', '2022-12-01 10:33:58');
insert into quarter (id_quarter, name_quarter, start_date, end_date) values (75, 'Technology', '2023-01-19 12:10:53', '2023-11-20 17:55:49');
insert into quarter (id_quarter, name_quarter, start_date, end_date) values (76, 'Consumer Non-Durables', '2023-01-13 18:58:13', '2023-11-25 16:27:04');
insert into quarter (id_quarter, name_quarter, start_date, end_date) values (77, 'Public Utilities', '2022-12-03 05:53:19', '2023-09-30 03:21:00');
insert into quarter (id_quarter, name_quarter, start_date, end_date) values (78, 'Energy', '2023-11-11 08:13:20', '2022-12-15 07:48:25');
insert into quarter (id_quarter, name_quarter, start_date, end_date) values (79, 'Consumer Services', '2023-05-08 02:24:40', '2023-01-31 07:04:51');
insert into quarter (id_quarter, name_quarter, start_date, end_date) values (80, 'Consumer Durables', '2023-02-14 12:09:56', '2023-08-27 20:16:27');
insert into quarter (id_quarter, name_quarter, start_date, end_date) values (81, 'Public Utilities', '2022-12-31 07:40:53', '2023-05-07 00:12:07');
insert into quarter (id_quarter, name_quarter, start_date, end_date) values (82, 'Consumer Durables', '2023-07-01 22:35:21', '2023-04-05 11:17:48');
insert into quarter (id_quarter, name_quarter, start_date, end_date) values (83, 'Capital Goods', '2023-06-17 22:16:03', '2023-10-20 18:51:35');
insert into quarter (id_quarter, name_quarter, start_date, end_date) values (84, 'Transportation', '2023-01-29 10:11:46', '2023-06-07 19:20:27');
insert into quarter (id_quarter, name_quarter, start_date, end_date) values (85, 'Finance', '2023-03-03 04:40:31', '2023-11-14 16:36:09');
insert into quarter (id_quarter, name_quarter, start_date, end_date) values (86, 'n/a', '2023-05-25 06:09:35', '2023-05-10 00:33:48');
insert into quarter (id_quarter, name_quarter, start_date, end_date) values (87, 'n/a', '2022-12-18 14:01:15', '2023-03-20 19:52:55');
insert into quarter (id_quarter, name_quarter, start_date, end_date) values (88, 'Consumer Durables', '2023-01-16 11:38:53', '2023-02-06 08:47:42');
insert into quarter (id_quarter, name_quarter, start_date, end_date) values (89, 'Finance', '2023-11-01 23:23:53', '2022-12-09 12:29:53');
insert into quarter (id_quarter, name_quarter, start_date, end_date) values (90, 'Health Care', '2022-12-20 19:34:33', '2023-04-20 10:29:39');
insert into quarter (id_quarter, name_quarter, start_date, end_date) values (91, 'Health Care', '2023-03-21 10:48:22', '2023-03-09 02:18:37');
insert into quarter (id_quarter, name_quarter, start_date, end_date) values (92, 'Finance', '2023-08-12 16:09:15', '2023-03-24 12:17:19');
insert into quarter (id_quarter, name_quarter, start_date, end_date) values (93, 'Finance', '2023-06-08 19:22:43', '2023-10-09 02:56:34');
insert into quarter (id_quarter, name_quarter, start_date, end_date) values (94, 'Finance', '2023-02-10 22:05:51', '2023-09-25 03:35:25');
insert into quarter (id_quarter, name_quarter, start_date, end_date) values (95, 'n/a', '2023-04-17 01:42:24', '2023-07-06 18:45:41');
insert into quarter (id_quarter, name_quarter, start_date, end_date) values (96, 'Finance', '2023-05-15 06:21:36', '2023-02-16 12:17:45');
insert into quarter (id_quarter, name_quarter, start_date, end_date) values (97, 'Basic Industries', '2023-11-05 06:21:06', '2023-04-02 10:41:37');
insert into quarter (id_quarter, name_quarter, start_date, end_date) values (98, 'Consumer Services', '2023-04-23 20:51:45', '2023-07-19 13:40:29');
insert into quarter (id_quarter, name_quarter, start_date, end_date) values (99, 'Energy', '2023-05-28 02:35:38', '2023-07-01 13:05:54');
insert into quarter (id_quarter, name_quarter, start_date, end_date) values (100, 'Finance', '2022-12-05 09:18:19', '2023-06-29 00:58:36');
insert into subscribe (id_amap_user, id_commitment, payment, quantity) values (1, 1, 1, 10);
insert into subscribe (id_amap_user, id_commitment, payment, quantity) values (2, 2, 0, 5);
insert into subscribe (id_amap_user, id_commitment, payment, quantity) values (3, 3, 1, 7);
insert into subscribe (id_amap_user, id_commitment, payment, quantity) values (4, 4, 1, 4);
insert into subscribe (id_amap_user, id_commitment, payment, quantity) values (5, 5, 0, 6);
insert into subscribe (id_amap_user, id_commitment, payment, quantity) values (6, 6, 0, 9);
insert into subscribe (id_amap_user, id_commitment, payment, quantity) values (7, 7, 1, 10);
insert into subscribe (id_amap_user, id_commitment, payment, quantity) values (8, 8, 0, 4);
insert into subscribe (id_amap_user, id_commitment, payment, quantity) values (9, 9, 1, 6);
insert into subscribe (id_amap_user, id_commitment, payment, quantity) values (10, 10, 1, 8);
insert into subscribe (id_amap_user, id_commitment, payment, quantity) values (11, 11, 0, 4);
insert into subscribe (id_amap_user, id_commitment, payment, quantity) values (12, 12, 1, 6);
insert into subscribe (id_amap_user, id_commitment, payment, quantity) values (13, 13, 0, 1);
insert into subscribe (id_amap_user, id_commitment, payment, quantity) values (14, 14, 1, 3);
insert into subscribe (id_amap_user, id_commitment, payment, quantity) values (15, 15, 0, 9);
insert into subscribe (id_amap_user, id_commitment, payment, quantity) values (16, 16, 0, 6);
insert into subscribe (id_amap_user, id_commitment, payment, quantity) values (17, 17, 1, 2);
insert into subscribe (id_amap_user, id_commitment, payment, quantity) values (18, 18, 0, 7);
insert into subscribe (id_amap_user, id_commitment, payment, quantity) values (19, 19, 0, 7);
insert into subscribe (id_amap_user, id_commitment, payment, quantity) values (20, 20, 0, 6);
insert into subscribe (id_amap_user, id_commitment, payment, quantity) values (21, 21, 1, 7);
insert into subscribe (id_amap_user, id_commitment, payment, quantity) values (22, 22, 1, 9);
insert into subscribe (id_amap_user, id_commitment, payment, quantity) values (23, 23, 0, 3);
insert into subscribe (id_amap_user, id_commitment, payment, quantity) values (24, 24, 1, 2);
insert into subscribe (id_amap_user, id_commitment, payment, quantity) values (25, 25, 1, 6);
insert into subscribe (id_amap_user, id_commitment, payment, quantity) values (26, 26, 0, 4);
insert into subscribe (id_amap_user, id_commitment, payment, quantity) values (27, 27, 1, 3);
insert into subscribe (id_amap_user, id_commitment, payment, quantity) values (28, 28, 1, 1);
insert into subscribe (id_amap_user, id_commitment, payment, quantity) values (29, 29, 1, 8);
insert into subscribe (id_amap_user, id_commitment, payment, quantity) values (30, 30, 0, 9);
insert into subscribe (id_amap_user, id_commitment, payment, quantity) values (31, 31, 0, 10);
insert into subscribe (id_amap_user, id_commitment, payment, quantity) values (32, 32, 0, 9);
insert into subscribe (id_amap_user, id_commitment, payment, quantity) values (33, 33, 1, 7);
insert into subscribe (id_amap_user, id_commitment, payment, quantity) values (34, 34, 1, 8);
insert into subscribe (id_amap_user, id_commitment, payment, quantity) values (35, 35, 1, 7);
insert into subscribe (id_amap_user, id_commitment, payment, quantity) values (36, 36, 0, 9);
insert into subscribe (id_amap_user, id_commitment, payment, quantity) values (37, 37, 0, 6);
insert into subscribe (id_amap_user, id_commitment, payment, quantity) values (38, 38, 1, 3);
insert into subscribe (id_amap_user, id_commitment, payment, quantity) values (39, 39, 1, 6);
insert into subscribe (id_amap_user, id_commitment, payment, quantity) values (40, 40, 0, 1);
insert into subscribe (id_amap_user, id_commitment, payment, quantity) values (41, 41, 0, 4);
insert into subscribe (id_amap_user, id_commitment, payment, quantity) values (42, 42, 1, 1);
insert into subscribe (id_amap_user, id_commitment, payment, quantity) values (43, 43, 1, 9);
insert into subscribe (id_amap_user, id_commitment, payment, quantity) values (44, 44, 1, 9);
insert into subscribe (id_amap_user, id_commitment, payment, quantity) values (45, 45, 0, 4);
insert into subscribe (id_amap_user, id_commitment, payment, quantity) values (46, 46, 1, 9);
insert into subscribe (id_amap_user, id_commitment, payment, quantity) values (47, 47, 0, 6);
insert into subscribe (id_amap_user, id_commitment, payment, quantity) values (48, 48, 0, 4);
insert into subscribe (id_amap_user, id_commitment, payment, quantity) values (49, 49, 1, 9);
insert into subscribe (id_amap_user, id_commitment, payment, quantity) values (50, 50, 1, 4);
insert into subscribe (id_amap_user, id_commitment, payment, quantity) values (51, 51, 0, 6);
insert into subscribe (id_amap_user, id_commitment, payment, quantity) values (52, 52, 0, 5);
insert into subscribe (id_amap_user, id_commitment, payment, quantity) values (53, 53, 1, 9);
insert into subscribe (id_amap_user, id_commitment, payment, quantity) values (54, 54, 0, 9);
insert into subscribe (id_amap_user, id_commitment, payment, quantity) values (55, 55, 0, 2);
insert into subscribe (id_amap_user, id_commitment, payment, quantity) values (56, 56, 1, 4);
insert into subscribe (id_amap_user, id_commitment, payment, quantity) values (57, 57, 0, 9);
insert into subscribe (id_amap_user, id_commitment, payment, quantity) values (58, 58, 1, 7);
insert into subscribe (id_amap_user, id_commitment, payment, quantity) values (59, 59, 0, 2);
insert into subscribe (id_amap_user, id_commitment, payment, quantity) values (60, 60, 0, 6);
insert into subscribe (id_amap_user, id_commitment, payment, quantity) values (61, 61, 0, 2);
insert into subscribe (id_amap_user, id_commitment, payment, quantity) values (62, 62, 1, 5);
insert into subscribe (id_amap_user, id_commitment, payment, quantity) values (63, 63, 0, 6);
insert into subscribe (id_amap_user, id_commitment, payment, quantity) values (64, 64, 1, 2);
insert into subscribe (id_amap_user, id_commitment, payment, quantity) values (65, 65, 1, 2);
insert into subscribe (id_amap_user, id_commitment, payment, quantity) values (66, 66, 0, 7);
insert into subscribe (id_amap_user, id_commitment, payment, quantity) values (67, 67, 1, 8);
insert into subscribe (id_amap_user, id_commitment, payment, quantity) values (68, 68, 1, 9);
insert into subscribe (id_amap_user, id_commitment, payment, quantity) values (69, 69, 1, 4);
insert into subscribe (id_amap_user, id_commitment, payment, quantity) values (70, 70, 1, 2);
insert into subscribe (id_amap_user, id_commitment, payment, quantity) values (71, 71, 1, 5);
insert into subscribe (id_amap_user, id_commitment, payment, quantity) values (72, 72, 1, 3);
insert into subscribe (id_amap_user, id_commitment, payment, quantity) values (73, 73, 1, 7);
insert into subscribe (id_amap_user, id_commitment, payment, quantity) values (74, 74, 0, 5);
insert into subscribe (id_amap_user, id_commitment, payment, quantity) values (75, 75, 0, 8);
insert into subscribe (id_amap_user, id_commitment, payment, quantity) values (76, 76, 0, 7);
insert into subscribe (id_amap_user, id_commitment, payment, quantity) values (77, 77, 0, 6);
insert into subscribe (id_amap_user, id_commitment, payment, quantity) values (78, 78, 1, 2);
insert into subscribe (id_amap_user, id_commitment, payment, quantity) values (79, 79, 0, 3);
insert into subscribe (id_amap_user, id_commitment, payment, quantity) values (80, 80, 0, 5);
insert into subscribe (id_amap_user, id_commitment, payment, quantity) values (81, 81, 1, 1);
insert into subscribe (id_amap_user, id_commitment, payment, quantity) values (82, 82, 0, 2);
insert into subscribe (id_amap_user, id_commitment, payment, quantity) values (83, 83, 0, 6);
insert into subscribe (id_amap_user, id_commitment, payment, quantity) values (84, 84, 0, 6);
insert into subscribe (id_amap_user, id_commitment, payment, quantity) values (85, 85, 0, 2);
insert into subscribe (id_amap_user, id_commitment, payment, quantity) values (86, 86, 1, 5);
insert into subscribe (id_amap_user, id_commitment, payment, quantity) values (87, 87, 0, 10);
insert into subscribe (id_amap_user, id_commitment, payment, quantity) values (88, 88, 0, 2);
insert into subscribe (id_amap_user, id_commitment, payment, quantity) values (89, 89, 0, 9);
insert into subscribe (id_amap_user, id_commitment, payment, quantity) values (90, 90, 0, 4);
insert into subscribe (id_amap_user, id_commitment, payment, quantity) values (91, 91, 0, 8);
insert into subscribe (id_amap_user, id_commitment, payment, quantity) values (92, 92, 0, 2);
insert into subscribe (id_amap_user, id_commitment, payment, quantity) values (93, 93, 0, 3);
insert into subscribe (id_amap_user, id_commitment, payment, quantity) values (94, 94, 0, 3);
insert into subscribe (id_amap_user, id_commitment, payment, quantity) values (95, 95, 1, 7);
insert into subscribe (id_amap_user, id_commitment, payment, quantity) values (96, 96, 1, 9);
insert into subscribe (id_amap_user, id_commitment, payment, quantity) values (97, 97, 1, 3);
insert into subscribe (id_amap_user, id_commitment, payment, quantity) values (98, 98, 1, 10);
insert into subscribe (id_amap_user, id_commitment, payment, quantity) values (99, 99, 1, 10);
insert into subscribe (id_amap_user, id_commitment, payment, quantity) values (100, 100, 1, 2);
insert into manage (id_amap_user, id_producer) values (1, 1);
insert into manage (id_amap_user, id_producer) values (2, 2);
insert into manage (id_amap_user, id_producer) values (3, 3);
insert into manage (id_amap_user, id_producer) values (4, 4);
insert into manage (id_amap_user, id_producer) values (5, 5);
insert into manage (id_amap_user, id_producer) values (6, 6);
insert into manage (id_amap_user, id_producer) values (7, 7);
insert into manage (id_amap_user, id_producer) values (8, 8);
insert into manage (id_amap_user, id_producer) values (9, 9);
insert into manage (id_amap_user, id_producer) values (10, 10);
insert into manage (id_amap_user, id_producer) values (11, 11);
insert into manage (id_amap_user, id_producer) values (12, 12);
insert into manage (id_amap_user, id_producer) values (13, 13);
insert into manage (id_amap_user, id_producer) values (14, 14);
insert into manage (id_amap_user, id_producer) values (15, 15);
insert into manage (id_amap_user, id_producer) values (16, 16);
insert into manage (id_amap_user, id_producer) values (17, 17);
insert into manage (id_amap_user, id_producer) values (18, 18);
insert into manage (id_amap_user, id_producer) values (19, 19);
insert into manage (id_amap_user, id_producer) values (20, 20);
insert into manage (id_amap_user, id_producer) values (21, 21);
insert into manage (id_amap_user, id_producer) values (22, 22);
insert into manage (id_amap_user, id_producer) values (23, 23);
insert into manage (id_amap_user, id_producer) values (24, 24);
insert into manage (id_amap_user, id_producer) values (25, 25);
insert into manage (id_amap_user, id_producer) values (26, 26);
insert into manage (id_amap_user, id_producer) values (27, 27);
insert into manage (id_amap_user, id_producer) values (28, 28);
insert into manage (id_amap_user, id_producer) values (29, 29);
insert into manage (id_amap_user, id_producer) values (30, 30);
insert into manage (id_amap_user, id_producer) values (31, 31);
insert into manage (id_amap_user, id_producer) values (32, 32);
insert into manage (id_amap_user, id_producer) values (33, 33);
insert into manage (id_amap_user, id_producer) values (34, 34);
insert into manage (id_amap_user, id_producer) values (35, 35);
insert into manage (id_amap_user, id_producer) values (36, 36);
insert into manage (id_amap_user, id_producer) values (37, 37);
insert into manage (id_amap_user, id_producer) values (38, 38);
insert into manage (id_amap_user, id_producer) values (39, 39);
insert into manage (id_amap_user, id_producer) values (40, 40);
insert into manage (id_amap_user, id_producer) values (41, 41);
insert into manage (id_amap_user, id_producer) values (42, 42);
insert into manage (id_amap_user, id_producer) values (43, 43);
insert into manage (id_amap_user, id_producer) values (44, 44);
insert into manage (id_amap_user, id_producer) values (45, 45);
insert into manage (id_amap_user, id_producer) values (46, 46);
insert into manage (id_amap_user, id_producer) values (47, 47);
insert into manage (id_amap_user, id_producer) values (48, 48);
insert into manage (id_amap_user, id_producer) values (49, 49);
insert into manage (id_amap_user, id_producer) values (50, 50);
insert into manage (id_amap_user, id_producer) values (51, 51);
insert into manage (id_amap_user, id_producer) values (52, 52);
insert into manage (id_amap_user, id_producer) values (53, 53);
insert into manage (id_amap_user, id_producer) values (54, 54);
insert into manage (id_amap_user, id_producer) values (55, 55);
insert into manage (id_amap_user, id_producer) values (56, 56);
insert into manage (id_amap_user, id_producer) values (57, 57);
insert into manage (id_amap_user, id_producer) values (58, 58);
insert into manage (id_amap_user, id_producer) values (59, 59);
insert into manage (id_amap_user, id_producer) values (60, 60);
insert into manage (id_amap_user, id_producer) values (61, 61);
insert into manage (id_amap_user, id_producer) values (62, 62);
insert into manage (id_amap_user, id_producer) values (63, 63);
insert into manage (id_amap_user, id_producer) values (64, 64);
insert into manage (id_amap_user, id_producer) values (65, 65);
insert into manage (id_amap_user, id_producer) values (66, 66);
insert into manage (id_amap_user, id_producer) values (67, 67);
insert into manage (id_amap_user, id_producer) values (68, 68);
insert into manage (id_amap_user, id_producer) values (69, 69);
insert into manage (id_amap_user, id_producer) values (70, 70);
insert into manage (id_amap_user, id_producer) values (71, 71);
insert into manage (id_amap_user, id_producer) values (72, 72);
insert into manage (id_amap_user, id_producer) values (73, 73);
insert into manage (id_amap_user, id_producer) values (74, 74);
insert into manage (id_amap_user, id_producer) values (75, 75);
insert into manage (id_amap_user, id_producer) values (76, 76);
insert into manage (id_amap_user, id_producer) values (77, 77);
insert into manage (id_amap_user, id_producer) values (78, 78);
insert into manage (id_amap_user, id_producer) values (79, 79);
insert into manage (id_amap_user, id_producer) values (80, 80);
insert into manage (id_amap_user, id_producer) values (81, 81);
insert into manage (id_amap_user, id_producer) values (82, 82);
insert into manage (id_amap_user, id_producer) values (83, 83);
insert into manage (id_amap_user, id_producer) values (84, 84);
insert into manage (id_amap_user, id_producer) values (85, 85);
insert into manage (id_amap_user, id_producer) values (86, 86);
insert into manage (id_amap_user, id_producer) values (87, 87);
insert into manage (id_amap_user, id_producer) values (88, 88);
insert into manage (id_amap_user, id_producer) values (89, 89);
insert into manage (id_amap_user, id_producer) values (90, 90);
insert into manage (id_amap_user, id_producer) values (91, 91);
insert into manage (id_amap_user, id_producer) values (92, 92);
insert into manage (id_amap_user, id_producer) values (93, 93);
insert into manage (id_amap_user, id_producer) values (94, 94);
insert into manage (id_amap_user, id_producer) values (95, 95);
insert into manage (id_amap_user, id_producer) values (96, 96);
insert into manage (id_amap_user, id_producer) values (97, 97);
insert into manage (id_amap_user, id_producer) values (98, 98);
insert into manage (id_amap_user, id_producer) values (99, 99);
insert into manage (id_amap_user, id_producer) values (100, 100);
insert into amap_user (id_amap_user, id_person) values (1, 1);
insert into amap_user (id_amap_user, id_person) values (2, 2);
insert into amap_user (id_amap_user, id_person) values (3, 3);
insert into amap_user (id_amap_user, id_person) values (4, 4);
insert into amap_user (id_amap_user, id_person) values (5, 5);
insert into amap_user (id_amap_user, id_person) values (6, 6);
insert into amap_user (id_amap_user, id_person) values (7, 7);
insert into amap_user (id_amap_user, id_person) values (8, 8);
insert into amap_user (id_amap_user, id_person) values (9, 9);
insert into amap_user (id_amap_user, id_person) values (10, 10);
insert into amap_user (id_amap_user, id_person) values (11, 11);
insert into amap_user (id_amap_user, id_person) values (12, 12);
insert into amap_user (id_amap_user, id_person) values (13, 13);
insert into amap_user (id_amap_user, id_person) values (14, 14);
insert into amap_user (id_amap_user, id_person) values (15, 15);
insert into amap_user (id_amap_user, id_person) values (16, 16);
insert into amap_user (id_amap_user, id_person) values (17, 17);
insert into amap_user (id_amap_user, id_person) values (18, 18);
insert into amap_user (id_amap_user, id_person) values (19, 19);
insert into amap_user (id_amap_user, id_person) values (20, 20);
insert into amap_user (id_amap_user, id_person) values (21, 21);
insert into amap_user (id_amap_user, id_person) values (22, 22);
insert into amap_user (id_amap_user, id_person) values (23, 23);
insert into amap_user (id_amap_user, id_person) values (24, 24);
insert into amap_user (id_amap_user, id_person) values (25, 25);
insert into amap_user (id_amap_user, id_person) values (26, 26);
insert into amap_user (id_amap_user, id_person) values (27, 27);
insert into amap_user (id_amap_user, id_person) values (28, 28);
insert into amap_user (id_amap_user, id_person) values (29, 29);
insert into amap_user (id_amap_user, id_person) values (30, 30);
insert into amap_user (id_amap_user, id_person) values (31, 31);
insert into amap_user (id_amap_user, id_person) values (32, 32);
insert into amap_user (id_amap_user, id_person) values (33, 33);
insert into amap_user (id_amap_user, id_person) values (34, 34);
insert into amap_user (id_amap_user, id_person) values (35, 35);
insert into amap_user (id_amap_user, id_person) values (36, 36);
insert into amap_user (id_amap_user, id_person) values (37, 37);
insert into amap_user (id_amap_user, id_person) values (38, 38);
insert into amap_user (id_amap_user, id_person) values (39, 39);
insert into amap_user (id_amap_user, id_person) values (40, 40);
insert into amap_user (id_amap_user, id_person) values (41, 41);
insert into amap_user (id_amap_user, id_person) values (42, 42);
insert into amap_user (id_amap_user, id_person) values (43, 43);
insert into amap_user (id_amap_user, id_person) values (44, 44);
insert into amap_user (id_amap_user, id_person) values (45, 45);
insert into amap_user (id_amap_user, id_person) values (46, 46);
insert into amap_user (id_amap_user, id_person) values (47, 47);
insert into amap_user (id_amap_user, id_person) values (48, 48);
insert into amap_user (id_amap_user, id_person) values (49, 49);
insert into amap_user (id_amap_user, id_person) values (50, 50);
insert into amap_user (id_amap_user, id_person) values (51, 51);
insert into amap_user (id_amap_user, id_person) values (52, 52);
insert into amap_user (id_amap_user, id_person) values (53, 53);
insert into amap_user (id_amap_user, id_person) values (54, 54);
insert into amap_user (id_amap_user, id_person) values (55, 55);
insert into amap_user (id_amap_user, id_person) values (56, 56);
insert into amap_user (id_amap_user, id_person) values (57, 57);
insert into amap_user (id_amap_user, id_person) values (58, 58);
insert into amap_user (id_amap_user, id_person) values (59, 59);
insert into amap_user (id_amap_user, id_person) values (60, 60);
insert into amap_user (id_amap_user, id_person) values (61, 61);
insert into amap_user (id_amap_user, id_person) values (62, 62);
insert into amap_user (id_amap_user, id_person) values (63, 63);
insert into amap_user (id_amap_user, id_person) values (64, 64);
insert into amap_user (id_amap_user, id_person) values (65, 65);
insert into amap_user (id_amap_user, id_person) values (66, 66);
insert into amap_user (id_amap_user, id_person) values (67, 67);
insert into amap_user (id_amap_user, id_person) values (68, 68);
insert into amap_user (id_amap_user, id_person) values (69, 69);
insert into amap_user (id_amap_user, id_person) values (70, 70);
insert into amap_user (id_amap_user, id_person) values (71, 71);
insert into amap_user (id_amap_user, id_person) values (72, 72);
insert into amap_user (id_amap_user, id_person) values (73, 73);
insert into amap_user (id_amap_user, id_person) values (74, 74);
insert into amap_user (id_amap_user, id_person) values (75, 75);
insert into amap_user (id_amap_user, id_person) values (76, 76);
insert into amap_user (id_amap_user, id_person) values (77, 77);
insert into amap_user (id_amap_user, id_person) values (78, 78);
insert into amap_user (id_amap_user, id_person) values (79, 79);
insert into amap_user (id_amap_user, id_person) values (80, 80);
